begin,end,id,nVehContrib,flow,occupancy,speed,harmonicMeanSpeed,length,nVehEntered
0.00,300.00,121725_20,0,0.00,0.00,-1.00,-1.00,-1.00,0
0.00,300.00,121725_21,0,0.00,0.00,-1.00,-1.00,-1.00,0
0.00,300.00,121725_30,0,0.00,0.00,-1.00,-1.00,-1.00,0
0.00,300.00,121725_31,0,0.00,0.00,-1.00,-1.00,-1.00,0
0.00,300.00,121726_00,34,408.00,2.50,22.74,22.66,5.00,34
0.00,300.00,121726_01,21,252.00,1.35,26.04,25.94,5.00,21
0.00,300.00,121726_02,7,84.00,0.44,26.64,26.53,5.00,7
0.00,300.00,121726_10,16,192.00,1.17,22.85,22.70,5.00,16
0.00,300.00,121726_11,20,240.00,1.38,24.41,24.20,5.00,20
0.00,300.00,121726_12,6,72.00,0.37,26.99,26.86,5.00,6
0.00,300.00,121727_00,25,300.00,1.84,22.71,22.61,5.00,25
0.00,300.00,121727_01,23,276.00,1.50,25.61,25.48,5.00,23
0.00,300.00,121727_02,8,96.00,0.50,26.47,26.42,5.00,8
0.00,300.00,121727_10,20,240.00,1.47,22.89,22.74,5.00,20
0.00,300.00,121727_11,23,276.00,1.56,24.76,24.51,5.00,23
0.00,300.00,121727_12,5,60.00,0.32,26.01,25.89,5.00,5
0.00,300.00,121731_00,61,732.00,6.58,16.15,15.44,5.00,61
0.00,300.00,121731_01,9,108.00,0.73,20.66,20.48,5.00,9
0.00,300.00,121731_02,2,24.00,0.14,23.55,23.47,5.00,2
0.00,300.00,121731_03,0,0.00,0.00,-1.00,-1.00,-1.00,0
0.00,300.00,121731_04,0,0.00,0.00,-1.00,-1.00,-1.00,0
0.00,300.00,121731_10,0,0.00,0.00,-1.00,-1.00,-1.00,0
0.00,300.00,121731_11,0,0.00,0.00,-1.00,-1.00,-1.00,0
0.00,300.00,121731_12,0,0.00,0.00,-1.00,-1.00,-1.00,0
0.00,300.00,121731_13,0,0.00,0.00,-1.00,-1.00,-1.00,0
0.00,300.00,121732_00,81,972.00,7.03,19.66,19.20,5.00,81
0.00,300.00,121732_01,15,180.00,1.29,19.84,19.45,5.00,15
0.00,300.00,121732_02,5,60.00,0.37,22.62,22.55,5.00,5
0.00,300.00,121732_03,0,0.00,0.00,-1.00,-1.00,-1.00,0
0.00,300.00,121732_10,12,144.00,0.95,21.30,21.08,5.00,12
0.00,300.00,121732_11,28,336.00,2.28,20.55,20.43,5.00,28
0.00,300.00,121732_12,12,144.00,0.88,22.82,22.64,5.00,12
0.00,300.00,121732_13,3,36.00,0.20,25.79,25.60,5.00,3
0.00,300.00,121733_00,50,600.00,4.09,20.62,20.37,5.00,50
0.00,300.00,121733_01,22,264.00,1.58,23.24,23.17,5.00,22
0.00,300.00,121733_02,1,12.00,0.08,22.17,22.17,5.00,1
0.00,300.00,121733_10,3,36.00,0.25,20.05,19.97,5.00,3
0.00,300.00,121733_11,60,720.00,4.75,21.20,21.05,5.00,60
0.00,300.00,121733_12,26,312.00,1.90,22.93,22.83,5.00,26
0.00,300.00,121734_00,0,0.00,0.00,-1.00,-1.00,-1.00,0
0.00,300.00,121734_01,8,96.00,1.05,16.26,16.04,5.00,12
0.00,300.00,121734_02,59,708.00,6.51,17.95,15.15,5.00,60
0.00,300.00,121734_03,24,288.00,2.04,22.48,19.56,5.00,24
0.00,300.00,121734_04,1,12.00,0.07,23.39,23.39,5.00,1
0.00,300.00,121734_10,27,324.00,2.24,20.29,20.12,5.00,27
0.00,300.00,121734_11,35,420.00,2.97,21.59,19.65,5.00,35
0.00,300.00,121734_12,10,120.00,0.72,23.20,23.11,5.00,11
0.00,300.00,121734_13,0,0.00,0.00,-1.00,-1.00,-1.00,0
0.00,300.00,121735_00,13,156.00,1.13,19.21,19.09,5.00,13
0.00,300.00,121735_01,42,504.00,3.44,22.01,20.33,5.00,42
0.00,300.00,121735_02,13,156.00,0.93,24.09,24.05,5.00,14
0.00,300.00,121735_03,6,72.00,0.45,22.32,22.18,5.00,6
0.00,300.00,121735_10,54,648.00,8.96,16.81,11.63,5.00,55
0.00,300.00,121735_11,6,72.00,0.42,23.69,23.64,5.00,6
0.00,300.00,121735_12,0,0.00,0.00,-1.00,-1.00,-1.00,0
0.00,300.00,121735_13,98,1176.00,10.00,16.55,16.33,5.00,98
0.00,300.00,121736_00,35,420.00,2.91,20.22,20.05,5.00,35
0.00,300.00,121736_01,32,384.00,2.45,21.90,21.78,5.00,32
0.00,300.00,121736_02,26,312.00,1.86,23.43,23.31,5.00,26
0.00,300.00,121736_10,7,84.00,0.59,20.07,19.79,5.00,7
0.00,300.00,121736_11,1,12.00,0.06,28.96,28.96,5.00,1
0.00,300.00,121736_12,0,0.00,0.00,-1.00,-1.00,-1.00,0
0.00,300.00,121738_00,34,408.00,2.23,25.69,25.46,5.00,34
0.00,300.00,121738_01,40,480.00,2.34,28.58,28.48,5.00,40
0.00,300.00,121738_10,0,0.00,0.00,-1.00,-1.00,-1.00,0
0.00,300.00,121738_11,0,0.00,0.00,-1.00,-1.00,-1.00,0
0.00,300.00,121741_00,50,600.00,4.03,20.79,20.68,5.00,50
0.00,300.00,121741_01,27,324.00,1.92,23.47,23.38,5.00,27
0.00,300.00,121741_02,5,60.00,0.32,26.28,26.26,5.00,5
0.00,300.00,121741_10,0,0.00,0.00,-1.00,-1.00,-1.00,0
0.00,300.00,121741_11,0,0.00,0.00,-1.00,-1.00,-1.00,0
0.00,300.00,121741_12,0,0.00,0.00,-1.00,-1.00,-1.00,0
0.00,300.00,121742_01,108,1296.00,9.53,18.99,18.89,5.00,108
0.00,300.00,121742_02,35,420.00,2.67,21.99,21.85,5.00,35
0.00,300.00,121742_03,10,120.00,0.69,24.28,24.14,5.00,10
0.00,300.00,121742_10,0,0.00,0.00,-1.00,-1.00,-1.00,0
0.00,300.00,121742_11,0,0.00,0.00,-1.00,-1.00,-1.00,0
0.00,300.00,121743_12,0,0.00,0.00,-1.00,-1.00,-1.00,0
0.00,300.00,121743_13,0,0.00,0.00,-1.00,-1.00,-1.00,0
0.00,300.00,121745_20,0,0.00,0.00,-1.00,-1.00,-1.00,0
0.00,300.00,121745_21,50,600.00,4.76,17.63,17.49,5.00,50
0.00,300.00,121745_22,37,444.00,3.10,20.06,19.89,5.00,37
0.00,300.00,121745_30,1,12.00,0.07,24.83,24.83,5.00,1
0.00,300.00,121745_31,1,12.00,0.06,26.55,26.55,5.00,1
0.00,300.00,121745_32,0,0.00,0.00,-1.00,-1.00,-1.00,0
0.00,300.00,121745_33,0,0.00,0.00,-1.00,-1.00,-1.00,0
0.00,300.00,121746_0,3,36.00,0.35,17.74,14.41,5.00,3
0.00,300.00,121754_00,83,996.00,6.76,20.64,20.47,5.00,83
0.00,300.00,121754_01,0,0.00,0.00,-1.00,-1.00,-1.00,0
0.00,300.00,121754_10,91,1092.00,8.00,19.09,18.96,5.00,91
0.00,300.00,121754_11,0,0.00,0.00,-1.00,-1.00,-1.00,0
0.00,300.00,121755_00,0,0.00,0.00,-1.00,-1.00,-1.00,0
0.00,300.00,121755_01,0,0.00,0.00,-1.00,-1.00,-1.00,0
0.00,300.00,121755_10,0,0.00,0.00,-1.00,-1.00,-1.00,0
0.00,300.00,121755_11,0,0.00,0.00,-1.00,-1.00,-1.00,0
0.00,300.00,121756_00,24,288.00,1.11,36.33,36.09,5.00,24
0.00,300.00,121756_01,17,204.00,0.72,39.61,39.08,5.00,17
0.00,300.00,121756_10,55,660.00,4.18,22.73,21.95,5.00,55
0.00,300.00,121756_11,31,372.00,1.91,27.26,27.03,5.00,31
300.00,600.00,121725_20,0,0.00,0.00,-1.00,-1.00,-1.00,0
300.00,600.00,121725_21,0,0.00,0.00,-1.00,-1.00,-1.00,0
300.00,600.00,121725_30,0,0.00,0.00,-1.00,-1.00,-1.00,0
300.00,600.00,121725_31,0,0.00,0.00,-1.00,-1.00,-1.00,0
300.00,600.00,121726_00,56,672.00,4.12,22.93,22.72,5.00,57
300.00,600.00,121726_01,45,540.00,3.32,24.80,22.60,5.00,45
300.00,600.00,121726_02,18,216.00,1.12,26.98,26.91,5.00,18
300.00,600.00,121726_10,20,240.00,1.53,21.98,21.84,5.00,20
300.00,600.00,121726_11,43,516.00,3.06,23.56,23.40,5.00,43
300.00,600.00,121726_12,30,360.00,2.00,25.17,25.04,5.00,30
300.00,600.00,121727_00,57,684.00,4.13,23.16,23.00,5.00,57
300.00,600.00,121727_01,44,528.00,2.96,24.92,24.79,5.00,44
300.00,600.00,121727_02,16,192.00,0.98,27.22,27.17,5.00,16
300.00,600.00,121727_10,26,312.00,1.92,22.72,22.54,5.00,26
300.00,600.00,121727_11,48,576.00,3.42,23.57,23.42,5.00,48
300.00,600.00,121727_12,19,228.00,1.24,25.73,25.63,5.00,19
300.00,600.00,121731_00,54,648.00,4.98,18.62,18.09,5.00,54
300.00,600.00,121731_01,22,264.00,1.71,21.60,21.44,5.00,22
300.00,600.00,121731_02,3,36.00,0.22,22.99,22.94,5.00,3
300.00,600.00,121731_03,0,0.00,0.00,-1.00,-1.00,-1.00,0
300.00,600.00,121731_04,0,0.00,0.00,-1.00,-1.00,-1.00,0
300.00,600.00,121731_10,0,0.00,0.00,-1.00,-1.00,-1.00,0
300.00,600.00,121731_11,0,0.00,0.00,-1.00,-1.00,-1.00,0
300.00,600.00,121731_12,0,0.00,0.00,-1.00,-1.00,-1.00,0
300.00,600.00,121731_13,0,0.00,0.00,-1.00,-1.00,-1.00,0
300.00,600.00,121732_00,109,1308.00,9.37,20.05,19.39,5.00,109
300.00,600.00,121732_01,23,276.00,1.94,20.80,20.53,5.00,24
300.00,600.00,121732_02,14,168.00,1.04,22.65,22.50,5.00,14
300.00,600.00,121732_03,7,84.00,0.48,24.31,24.23,5.00,7
300.00,600.00,121732_10,21,252.00,1.65,21.36,21.21,5.00,21
300.00,600.00,121732_11,33,396.00,2.77,20.12,19.85,5.00,33
300.00,600.00,121732_12,24,288.00,1.85,22.41,22.21,5.00,25
300.00,600.00,121732_13,3,36.00,0.48,18.32,10.33,5.00,3
300.00,600.00,121733_00,65,780.00,5.33,20.50,20.31,5.00,65
300.00,600.00,121733_01,38,456.00,2.81,22.72,22.54,5.00,38
300.00,600.00,121733_02,12,144.00,0.86,23.43,23.25,5.00,12
300.00,600.00,121733_10,3,36.00,0.29,17.50,17.32,5.00,3
300.00,600.00,121733_11,63,756.00,5.35,19.86,19.63,5.00,63
300.00,600.00,121733_12,42,504.00,3.14,22.46,22.31,5.00,42
300.00,600.00,121734_00,0,0.00,0.00,-1.00,-1.00,-1.00,0
300.00,600.00,121734_01,17,204.00,1.56,18.82,18.13,5.00,17
300.00,600.00,121734_02,66,792.00,5.40,20.67,20.38,5.00,66
300.00,600.00,121734_03,42,504.00,3.01,23.40,23.29,5.00,42
300.00,600.00,121734_04,4,48.00,0.26,26.02,25.97,5.00,4
300.00,600.00,121734_10,46,552.00,47.56,19.44,18.71,5.00,47
300.00,600.00,121734_11,8,96.00,0.56,24.01,23.93,5.00,8
300.00,600.00,121734_12,0,0.00,0.00,-1.00,-1.00,-1.00,0
300.00,600.00,121734_13,0,0.00,0.00,-1.00,-1.00,-1.00,0
300.00,600.00,121735_00,25,300.00,2.46,19.01,16.91,5.00,25
300.00,600.00,121735_01,65,780.00,5.08,21.60,21.48,5.00,67
300.00,600.00,121735_02,34,408.00,2.71,23.17,20.93,5.00,34
300.00,600.00,121735_03,20,240.00,1.52,22.17,21.99,5.00,20
300.00,600.00,121735_10,2,24.00,94.12,0.62,0.62,5.00,2
300.00,600.00,121735_11,8,96.00,0.55,24.43,24.37,5.00,8
300.00,600.00,121735_12,0,0.00,0.00,-1.00,-1.00,-1.00,0
300.00,600.00,121735_13,19,228.00,82.61,16.00,15.28,5.00,20
300.00,600.00,121736_00,73,876.00,6.24,19.57,19.48,5.00,73
300.00,600.00,121736_01,73,876.00,5.75,21.54,21.42,5.00,74
300.00,600.00,121736_02,55,660.00,4.16,23.39,22.04,5.00,55
300.00,600.00,121736_10,5,60.00,0.40,20.85,20.63,5.00,5
300.00,600.00,121736_11,0,0.00,0.00,-1.00,-1.00,-1.00,0
300.00,600.00,121736_12,0,0.00,0.00,-1.00,-1.00,-1.00,0
300.00,600.00,121738_00,46,552.00,3.15,24.55,24.32,5.00,46
300.00,600.00,121738_01,53,636.00,3.18,28.00,27.82,5.00,53
300.00,600.00,121738_10,0,0.00,0.00,-1.00,-1.00,-1.00,0
300.00,600.00,121738_11,0,0.00,0.00,-1.00,-1.00,-1.00,0
300.00,600.00,121741_00,54,648.00,4.40,20.84,20.69,5.00,55
300.00,600.00,121741_01,31,372.00,2.23,23.32,23.20,5.00,31
300.00,600.00,121741_02,5,60.00,0.34,24.54,24.42,5.00,5
300.00,600.00,121741_10,0,0.00,0.00,-1.00,-1.00,-1.00,0
300.00,600.00,121741_11,0,0.00,0.00,-1.00,-1.00,-1.00,0
300.00,600.00,121741_12,0,0.00,0.00,-1.00,-1.00,-1.00,0
300.00,600.00,121742_01,152,1824.00,14.36,17.89,17.65,5.00,152
300.00,600.00,121742_02,29,348.00,2.26,21.68,21.48,5.00,30
300.00,600.00,121742_03,8,96.00,0.54,24.76,24.70,5.00,8
300.00,600.00,121742_10,0,0.00,0.00,-1.00,-1.00,-1.00,0
300.00,600.00,121742_11,0,0.00,0.00,-1.00,-1.00,-1.00,0
300.00,600.00,121743_12,0,0.00,0.00,-1.00,-1.00,-1.00,0
300.00,600.00,121743_13,0,0.00,0.00,-1.00,-1.00,-1.00,0
300.00,600.00,121745_20,0,0.00,0.00,-1.00,-1.00,-1.00,0
300.00,600.00,121745_21,46,552.00,16.61,17.27,16.62,5.00,47
300.00,600.00,121745_22,53,636.00,4.64,19.32,19.08,5.00,54
300.00,600.00,121745_30,1,12.00,0.07,25.29,25.29,5.00,1
300.00,600.00,121745_31,0,0.00,0.00,-1.00,-1.00,-1.00,0
300.00,600.00,121745_32,0,0.00,0.00,-1.00,-1.00,-1.00,0
300.00,600.00,121745_33,0,0.00,0.00,-1.00,-1.00,-1.00,0
300.00,600.00,121746_0,9,108.00,0.95,22.04,15.82,5.00,9
300.00,600.00,121754_00,116,1392.00,9.54,20.47,20.27,5.00,116
300.00,600.00,121754_01,0,0.00,0.00,-1.00,-1.00,-1.00,0
300.00,600.00,121754_10,135,1620.00,23.16,13.45,9.72,5.00,135
300.00,600.00,121754_11,1,12.00,0.07,23.83,23.83,5.00,1
300.00,600.00,121755_00,0,0.00,0.00,-1.00,-1.00,-1.00,0
300.00,600.00,121755_01,0,0.00,0.00,-1.00,-1.00,-1.00,0
300.00,600.00,121755_10,0,0.00,0.00,-1.00,-1.00,-1.00,0
300.00,600.00,121755_11,0,0.00,0.00,-1.00,-1.00,-1.00,0
300.00,600.00,121756_00,61,732.00,3.04,34.28,33.86,5.00,62
300.00,600.00,121756_01,54,648.00,2.58,38.89,34.84,5.00,54
300.00,600.00,121756_10,55,660.00,4.24,22.28,21.62,5.00,55
300.00,600.00,121756_11,50,600.00,3.02,27.88,27.57,5.00,50
600.00,900.00,121725_20,0,0.00,0.00,-1.00,-1.00,-1.00,0
600.00,900.00,121725_21,0,0.00,0.00,-1.00,-1.00,-1.00,0
600.00,900.00,121725_30,0,0.00,0.00,-1.00,-1.00,-1.00,0
600.00,900.00,121725_31,0,0.00,0.00,-1.00,-1.00,-1.00,0
600.00,900.00,121726_00,50,600.00,3.85,21.91,21.66,5.00,50
600.00,900.00,121726_01,45,540.00,2.98,25.26,25.14,5.00,45
600.00,900.00,121726_02,18,216.00,1.10,27.25,27.19,5.00,18
600.00,900.00,121726_10,31,372.00,2.31,22.50,22.35,5.00,31
600.00,900.00,121726_11,47,564.00,3.14,25.12,24.97,5.00,47
600.00,900.00,121726_12,14,168.00,0.85,27.35,27.30,5.00,14
600.00,900.00,121727_00,53,636.00,3.92,22.77,22.52,5.00,53
600.00,900.00,121727_01,43,516.00,2.85,25.30,25.14,5.00,43
600.00,900.00,121727_02,18,216.00,1.12,26.90,26.81,5.00,18
600.00,900.00,121727_10,38,456.00,2.78,22.91,22.75,5.00,38
600.00,900.00,121727_11,43,516.00,2.88,25.01,24.88,5.00,43
600.00,900.00,121727_12,10,120.00,0.60,27.75,27.71,5.00,10
600.00,900.00,121731_00,28,336.00,35.02,18.25,16.66,5.00,29
600.00,900.00,121731_01,19,228.00,1.46,21.98,21.65,5.00,19
600.00,900.00,121731_02,1,12.00,0.07,22.45,22.45,5.00,1
600.00,900.00,121731_03,0,0.00,0.00,-1.00,-1.00,-1.00,0
600.00,900.00,121731_04,0,0.00,0.00,-1.00,-1.00,-1.00,0
600.00,900.00,121731_10,0,0.00,0.00,-1.00,-1.00,-1.00,0
600.00,900.00,121731_11,0,0.00,0.00,-1.00,-1.00,-1.00,0
600.00,900.00,121731_12,0,0.00,0.00,-1.00,-1.00,-1.00,0
600.00,900.00,121731_13,0,0.00,0.00,-1.00,-1.00,-1.00,0
600.00,900.00,121732_00,106,1272.00,9.27,19.74,19.07,5.00,107
600.00,900.00,121732_01,23,276.00,1.98,20.70,20.49,5.00,25
600.00,900.00,121732_02,22,264.00,1.93,21.70,18.96,5.00,22
600.00,900.00,121732_03,7,84.00,0.49,24.17,24.02,5.00,7
600.00,900.00,121732_10,25,300.00,1.91,21.92,21.80,5.00,25
600.00,900.00,121732_11,41,492.00,3.42,20.28,19.98,5.00,41
600.00,900.00,121732_12,20,240.00,1.49,22.42,22.32,5.00,20
600.00,900.00,121732_13,8,96.00,0.53,25.24,25.15,5.00,8
600.00,900.00,121733_00,72,864.00,6.10,20.55,19.68,5.00,72
600.00,900.00,121733_01,36,432.00,2.71,22.79,22.70,5.00,37
600.00,900.00,121733_02,17,204.00,1.17,24.32,24.18,5.00,17
600.00,900.00,121733_10,6,72.00,0.54,18.63,18.47,5.00,6
600.00,900.00,121733_11,69,828.00,5.49,21.16,20.95,5.00,69
600.00,900.00,121733_12,34,408.00,2.37,24.00,23.89,5.00,34
600.00,900.00,121734_00,0,0.00,0.00,-1.00,-1.00,-1.00,0
600.00,900.00,121734_01,15,180.00,1.55,19.05,18.71,5.00,18
600.00,900.00,121734_02,69,828.00,6.44,20.29,17.86,5.00,69
600.00,900.00,121734_03,44,528.00,3.17,23.33,23.14,5.00,44
600.00,900.00,121734_04,6,72.00,0.39,25.62,25.56,5.00,6
600.00,900.00,121734_10,0,0.00,100.00,-1.00,-1.00,-1.00,0
600.00,900.00,121734_11,84,1008.00,6.64,21.27,21.09,5.00,84
600.00,900.00,121734_12,0,0.00,0.00,-1.00,-1.00,-1.00,0
600.00,900.00,121734_13,0,0.00,0.00,-1.00,-1.00,-1.00,0
600.00,900.00,121735_00,31,372.00,2.90,19.76,17.82,5.00,31
600.00,900.00,121735_01,73,876.00,5.58,21.98,21.84,5.00,74
600.00,900.00,121735_02,24,288.00,1.69,23.95,23.73,5.00,24
600.00,900.00,121735_03,19,228.00,1.43,22.35,22.19,5.00,19
600.00,900.00,121735_10,0,0.00,100.00,-1.00,-1.00,-1.00,0
600.00,900.00,121735_11,33,396.00,51.17,20.21,19.07,5.00,34
600.00,900.00,121735_12,0,0.00,0.00,-1.00,-1.00,-1.00,0
600.00,900.00,121735_13,0,0.00,100.00,-1.00,-1.00,-1.00,0
600.00,900.00,121736_00,75,900.00,6.38,19.72,19.61,5.00,75
600.00,900.00,121736_01,65,780.00,5.19,21.26,21.16,5.00,66
600.00,900.00,121736_02,50,600.00,3.90,22.72,21.39,5.00,50
600.00,900.00,121736_10,1,12.00,0.09,19.29,19.29,5.00,1
600.00,900.00,121736_11,1,12.00,0.08,20.12,20.12,5.00,1
600.00,900.00,121736_12,0,0.00,0.00,-1.00,-1.00,-1.00,0
600.00,900.00,121738_00,47,564.00,3.20,24.66,24.48,5.00,47
600.00,900.00,121738_01,52,624.00,3.10,28.13,27.99,5.00,52
600.00,900.00,121738_10,0,0.00,0.00,-1.00,-1.00,-1.00,0
600.00,900.00,121738_11,0,0.00,0.00,-1.00,-1.00,-1.00,0
600.00,900.00,121741_00,49,588.00,3.99,20.38,20.23,5.00,48
600.00,900.00,121741_01,33,396.00,2.41,22.99,22.86,5.00,33
600.00,900.00,121741_02,7,84.00,0.49,23.82,23.68,5.00,7
600.00,900.00,121741_10,0,0.00,0.00,-1.00,-1.00,-1.00,0
600.00,900.00,121741_11,0,0.00,0.00,-1.00,-1.00,-1.00,0
600.00,900.00,121741_12,0,0.00,0.00,-1.00,-1.00,-1.00,0
600.00,900.00,121742_01,142,1704.00,25.87,11.52,9.15,5.00,142
600.00,900.00,121742_02,38,456.00,2.90,21.99,21.79,5.00,37
600.00,900.00,121742_03,3,36.00,0.22,22.72,22.61,5.00,3
600.00,900.00,121742_10,0,0.00,0.00,-1.00,-1.00,-1.00,0
600.00,900.00,121742_11,0,0.00,0.00,-1.00,-1.00,-1.00,0
600.00,900.00,121743_12,0,0.00,0.00,-1.00,-1.00,-1.00,0
600.00,900.00,121743_13,0,0.00,0.00,-1.00,-1.00,-1.00,0
600.00,900.00,121745_20,0,0.00,0.00,-1.00,-1.00,-1.00,0
600.00,900.00,121745_21,0,0.00,100.00,-1.00,-1.00,-1.00,0
600.00,900.00,121745_22,8,96.00,1.48,11.75,8.96,5.00,7
600.00,900.00,121745_30,0,0.00,0.00,-1.00,-1.00,-1.00,0
600.00,900.00,121745_31,0,0.00,0.00,-1.00,-1.00,-1.00,0
600.00,900.00,121745_32,0,0.00,0.00,-1.00,-1.00,-1.00,0
600.00,900.00,121745_33,0,0.00,0.00,-1.00,-1.00,-1.00,0
600.00,900.00,121746_0,6,72.00,0.55,25.49,18.33,5.00,6
600.00,900.00,121754_00,119,1428.00,10.27,19.55,19.31,5.00,119
600.00,900.00,121754_01,0,0.00,0.00,-1.00,-1.00,-1.00,0
600.00,900.00,121754_10,96,1152.00,41.13,6.31,4.37,5.00,97
600.00,900.00,121754_11,20,240.00,1.48,22.54,22.45,5.00,20
600.00,900.00,121755_00,0,0.00,0.00,-1.00,-1.00,-1.00,0
600.00,900.00,121755_01,0,0.00,0.00,-1.00,-1.00,-1.00,0
600.00,900.00,121755_10,0,0.00,0.00,-1.00,-1.00,-1.00,0
600.00,900.00,121755_11,0,0.00,0.00,-1.00,-1.00,-1.00,0
600.00,900.00,121756_00,29,348.00,6.88,15.96,7.11,5.00,30
600.00,900.00,121756_01,82,984.00,5.63,33.14,24.27,5.00,82
600.00,900.00,121756_10,60,720.00,4.47,23.07,22.36,5.00,60
600.00,900.00,121756_11,41,492.00,2.45,28.07,27.94,5.00,41
900.00,1200.00,121725_20,0,0.00,0.00,-1.00,-1.00,-1.00,0
900.00,1200.00,121725_21,0,0.00,0.00,-1.00,-1.00,-1.00,0
900.00,1200.00,121725_30,0,0.00,0.00,-1.00,-1.00,-1.00,0
900.00,1200.00,121725_31,0,0.00,0.00,-1.00,-1.00,-1.00,0
900.00,1200.00,121726_00,53,636.00,4.03,22.04,21.91,5.00,53
900.00,1200.00,121726_01,45,540.00,3.00,25.12,25.02,5.00,46
900.00,1200.00,121726_02,16,192.00,0.97,27.54,27.42,5.00,16
900.00,1200.00,121726_10,30,360.00,2.24,22.59,22.35,5.00,30
900.00,1200.00,121726_11,31,372.00,2.06,25.27,25.13,5.00,31
900.00,1200.00,121726_12,8,96.00,0.50,26.71,26.64,5.00,8
900.00,1200.00,121727_00,55,660.00,4.16,22.23,22.03,5.00,55
900.00,1200.00,121727_01,41,492.00,2.78,24.65,24.55,5.00,41
900.00,1200.00,121727_02,18,216.00,1.10,27.41,27.31,5.00,18
900.00,1200.00,121727_10,30,360.00,2.22,22.68,22.48,5.00,30
900.00,1200.00,121727_11,28,336.00,1.83,25.62,25.49,5.00,28
900.00,1200.00,121727_12,6,72.00,0.36,27.45,27.44,5.00,6
900.00,1200.00,121731_00,0,0.00,100.00,-1.00,-1.00,-1.00,0
900.00,1200.00,121731_01,0,0.00,0.00,-1.00,-1.00,-1.00,0
900.00,1200.00,121731_02,14,168.00,1.13,20.90,20.62,5.00,14
900.00,1200.00,121731_03,0,0.00,0.00,-1.00,-1.00,-1.00,0
900.00,1200.00,121731_04,0,0.00,0.00,-1.00,-1.00,-1.00,0
900.00,1200.00,121731_10,0,0.00,0.00,-1.00,-1.00,-1.00,0
900.00,1200.00,121731_11,0,0.00,0.00,-1.00,-1.00,-1.00,0
900.00,1200.00,121731_12,0,0.00,0.00,-1.00,-1.00,-1.00,0
900.00,1200.00,121731_13,0,0.00,0.00,-1.00,-1.00,-1.00,0
900.00,1200.00,121732_00,111,1332.00,10.39,19.22,17.79,5.00,110
900.00,1200.00,121732_01,15,180.00,1.57,18.83,18.67,5.00,18
900.00,1200.00,121732_02,26,312.00,2.10,20.99,20.68,5.00,26
900.00,1200.00,121732_03,6,72.00,0.46,21.99,21.78,5.00,6
900.00,1200.00,121732_10,26,312.00,2.18,20.85,20.59,5.00,27
900.00,1200.00,121732_11,42,504.00,3.51,20.36,20.14,5.00,43
900.00,1200.00,121732_12,21,252.00,1.93,20.77,18.13,5.00,21
900.00,1200.00,121732_13,7,84.00,0.47,25.16,24.93,5.00,7
900.00,1200.00,121733_00,69,828.00,5.77,20.06,19.93,5.00,69
900.00,1200.00,121733_01,36,432.00,2.71,22.34,22.18,5.00,36
900.00,1200.00,121733_02,11,132.00,0.79,23.23,23.16,5.00,11
900.00,1200.00,121733_10,15,180.00,1.25,20.21,20.04,5.00,15
900.00,1200.00,121733_11,55,660.00,4.54,20.40,20.21,5.00,55
900.00,1200.00,121733_12,34,408.00,2.48,23.06,22.89,5.00,34
900.00,1200.00,121734_00,0,0.00,0.00,-1.00,-1.00,-1.00,0
900.00,1200.00,121734_01,19,228.00,1.71,19.40,19.04,5.00,20
900.00,1200.00,121734_02,70,840.00,6.15,20.08,18.96,5.00,70
900.00,1200.00,121734_03,45,540.00,3.38,22.38,22.20,5.00,45
900.00,1200.00,121734_04,3,36.00,0.21,23.88,23.87,5.00,3
900.00,1200.00,121734_10,0,0.00,100.00,-1.00,-1.00,-1.00,0
900.00,1200.00,121734_11,5,60.00,96.61,12.85,11.92,5.00,6
900.00,1200.00,121734_12,28,336.00,2.07,22.72,22.56,5.00,28
900.00,1200.00,121734_13,0,0.00,0.00,-1.00,-1.00,-1.00,0
900.00,1200.00,121735_00,32,384.00,2.72,19.79,19.59,5.00,32
900.00,1200.00,121735_01,73,876.00,5.59,21.85,21.75,5.00,73
900.00,1200.00,121735_02,24,288.00,1.71,23.50,23.40,5.00,24
900.00,1200.00,121735_03,20,240.00,1.57,21.45,21.30,5.00,20
900.00,1200.00,121735_10,0,0.00,100.00,-1.00,-1.00,-1.00,0
900.00,1200.00,121735_11,0,0.00,100.00,-1.00,-1.00,-1.00,0
900.00,1200.00,121735_12,24,288.00,1.75,22.99,22.83,5.00,24
900.00,1200.00,121735_13,0,0.00,100.00,-1.00,-1.00,-1.00,0
900.00,1200.00,121736_00,59,708.00,5.23,19.39,19.15,5.00,61
900.00,1200.00,121736_01,73,876.00,6.24,21.21,19.49,5.00,73
900.00,1200.00,121736_02,46,552.00,3.32,23.14,23.06,5.00,46
900.00,1200.00,121736_10,0,0.00,0.00,-1.00,-1.00,-1.00,0
900.00,1200.00,121736_11,0,0.00,0.00,-1.00,-1.00,-1.00,0
900.00,1200.00,121736_12,0,0.00,0.00,-1.00,-1.00,-1.00,0
900.00,1200.00,121738_00,41,492.00,2.82,24.40,24.22,5.00,41
900.00,1200.00,121738_01,58,696.00,3.52,27.57,27.46,5.00,58
900.00,1200.00,121738_10,0,0.00,0.00,-1.00,-1.00,-1.00,0
900.00,1200.00,121738_11,0,0.00,0.00,-1.00,-1.00,-1.00,0
900.00,1200.00,121741_00,44,528.00,3.72,19.91,19.69,5.00,44
900.00,1200.00,121741_01,28,336.00,1.99,23.53,23.41,5.00,28
900.00,1200.00,121741_02,2,24.00,0.15,22.81,22.76,5.00,2
900.00,1200.00,121741_10,0,0.00,0.00,-1.00,-1.00,-1.00,0
900.00,1200.00,121741_11,0,0.00,0.00,-1.00,-1.00,-1.00,0
900.00,1200.00,121741_12,0,0.00,0.00,-1.00,-1.00,-1.00,0
900.00,1200.00,121742_01,109,1308.00,36.18,5.89,5.09,5.00,110
900.00,1200.00,121742_02,49,588.00,3.81,21.75,21.42,5.00,49
900.00,1200.00,121742_03,9,108.00,0.68,22.45,22.03,5.00,9
900.00,1200.00,121742_10,0,0.00,0.00,-1.00,-1.00,-1.00,0
900.00,1200.00,121742_11,0,0.00,0.00,-1.00,-1.00,-1.00,0
900.00,1200.00,121743_12,0,0.00,0.00,-1.00,-1.00,-1.00,0
900.00,1200.00,121743_13,0,0.00,0.00,-1.00,-1.00,-1.00,0
900.00,1200.00,121745_20,0,0.00,0.00,-1.00,-1.00,-1.00,0
900.00,1200.00,121745_21,1,12.00,94.22,0.01,0.01,5.00,0
900.00,1200.00,121745_22,0,0.00,0.00,-1.00,-1.00,-1.00,0
900.00,1200.00,121745_30,0,0.00,0.00,-1.00,-1.00,-1.00,0
900.00,1200.00,121745_31,0,0.00,0.00,-1.00,-1.00,-1.00,0
900.00,1200.00,121745_32,0,0.00,0.00,-1.00,-1.00,-1.00,0
900.00,1200.00,121745_33,0,0.00,0.00,-1.00,-1.00,-1.00,0
900.00,1200.00,121746_0,6,72.00,0.57,25.42,17.62,5.00,6
900.00,1200.00,121754_00,114,1368.00,9.71,19.76,19.57,5.00,115
900.00,1200.00,121754_01,0,0.00,0.00,-1.00,-1.00,-1.00,0
900.00,1200.00,121754_10,50,600.00,43.51,4.22,1.74,5.00,49
900.00,1200.00,121754_11,52,624.00,5.16,18.29,16.80,5.00,52
900.00,1200.00,121755_00,0,0.00,0.00,-1.00,-1.00,-1.00,0
900.00,1200.00,121755_01,0,0.00,0.00,-1.00,-1.00,-1.00,0
900.00,1200.00,121755_10,0,0.00,0.00,-1.00,-1.00,-1.00,0
900.00,1200.00,121755_11,0,0.00,0.00,-1.00,-1.00,-1.00,0
900.00,1200.00,121756_00,5,60.00,12.74,0.69,0.65,5.00,5
900.00,1200.00,121756_01,96,1152.00,6.22,29.64,25.71,5.00,96
900.00,1200.00,121756_10,62,744.00,4.33,24.65,23.86,5.00,62
900.00,1200.00,121756_11,30,360.00,1.75,28.78,28.58,5.00,30
1200.00,1500.00,121725_20,0,0.00,0.00,-1.00,-1.00,-1.00,0
1200.00,1500.00,121725_21,0,0.00,0.00,-1.00,-1.00,-1.00,0
1200.00,1500.00,121725_30,0,0.00,0.00,-1.00,-1.00,-1.00,0
1200.00,1500.00,121725_31,0,0.00,0.00,-1.00,-1.00,-1.00,0
1200.00,1500.00,121726_00,48,576.00,3.61,22.32,22.15,5.00,48
1200.00,1500.00,121726_01,48,576.00,3.18,25.24,25.12,5.00,47
1200.00,1500.00,121726_02,17,204.00,1.01,28.18,28.09,5.00,17
1200.00,1500.00,121726_10,22,264.00,1.57,23.73,23.39,5.00,22
1200.00,1500.00,121726_11,21,252.00,1.50,24.67,24.56,5.00,22
1200.00,1500.00,121726_12,2,24.00,0.39,16.50,8.46,5.00,2
1200.00,1500.00,121727_00,53,636.00,3.98,22.37,22.17,5.00,53
1200.00,1500.00,121727_01,46,552.00,2.99,25.77,25.61,5.00,46
1200.00,1500.00,121727_02,12,144.00,0.72,27.84,27.70,5.00,12
1200.00,1500.00,121727_10,28,336.00,2.01,23.60,23.27,5.00,28
1200.00,1500.00,121727_11,20,240.00,1.35,24.71,24.60,5.00,20
1200.00,1500.00,121727_12,0,0.00,0.00,-1.00,-1.00,-1.00,0
1200.00,1500.00,121731_00,0,0.00,100.00,-1.00,-1.00,-1.00,0
1200.00,1500.00,121731_01,0,0.00,0.00,-1.00,-1.00,-1.00,0
1200.00,1500.00,121731_02,24,288.00,1.92,21.05,20.81,5.00,24
1200.00,1500.00,121731_03,0,0.00,0.00,-1.00,-1.00,-1.00,0
1200.00,1500.00,121731_04,0,0.00,0.00,-1.00,-1.00,-1.00,0
1200.00,1500.00,121731_10,0,0.00,0.00,-1.00,-1.00,-1.00,0
1200.00,1500.00,121731_11,0,0.00,0.00,-1.00,-1.00,-1.00,0
1200.00,1500.00,121731_12,0,0.00,0.00,-1.00,-1.00,-1.00,0
1200.00,1500.00,121731_13,0,0.00,0.00,-1.00,-1.00,-1.00,0
1200.00,1500.00,121732_00,106,1272.00,9.71,19.44,18.20,5.00,106
1200.00,1500.00,121732_01,22,264.00,1.95,19.73,19.37,5.00,24
1200.00,1500.00,121732_02,31,372.00,2.50,20.92,20.70,5.00,31
1200.00,1500.00,121732_03,8,96.00,0.59,22.64,22.56,5.00,8
1200.00,1500.00,121732_10,22,264.00,1.72,20.57,20.42,5.00,21
1200.00,1500.00,121732_11,35,420.00,2.85,20.72,20.49,5.00,35
1200.00,1500.00,121732_12,22,264.00,1.66,22.19,22.09,5.00,22
1200.00,1500.00,121732_13,4,48.00,0.28,23.83,23.73,5.00,4
1200.00,1500.00,121733_00,70,840.00,5.91,19.95,19.74,5.00,70
1200.00,1500.00,121733_01,47,564.00,3.50,22.60,22.39,5.00,47
1200.00,1500.00,121733_02,9,108.00,0.63,23.73,23.68,5.00,9
1200.00,1500.00,121733_10,6,72.00,0.51,19.95,19.75,5.00,6
1200.00,1500.00,121733_11,73,876.00,5.84,21.05,20.85,5.00,73
1200.00,1500.00,121733_12,33,396.00,2.47,22.42,22.30,5.00,33
1200.00,1500.00,121734_00,0,0.00,0.00,-1.00,-1.00,-1.00,0
1200.00,1500.00,121734_01,14,168.00,1.32,19.95,19.45,5.00,15
1200.00,1500.00,121734_02,74,888.00,6.45,20.05,19.12,5.00,74
1200.00,1500.00,121734_03,42,504.00,3.06,23.07,22.91,5.00,42
1200.00,1500.00,121734_04,7,84.00,0.49,24.05,23.99,5.00,7
1200.00,1500.00,121734_10,0,0.00,100.00,-1.00,-1.00,-1.00,0
1200.00,1500.00,121734_11,0,0.00,100.00,-1.00,-1.00,-1.00,0
1200.00,1500.00,121734_12,65,780.00,31.11,19.41,18.79,5.00,66
1200.00,1500.00,121734_13,0,0.00,0.00,-1.00,-1.00,-1.00,0
1200.00,1500.00,121735_00,36,432.00,3.04,19.87,19.74,5.00,36
1200.00,1500.00,121735_01,78,936.00,6.00,21.79,21.67,5.00,78
1200.00,1500.00,121735_02,15,180.00,1.04,24.18,24.03,5.00,15
1200.00,1500.00,121735_03,21,252.00,1.69,20.91,20.75,5.00,21
1200.00,1500.00,121735_10,0,0.00,100.00,-1.00,-1.00,-1.00,0
1200.00,1500.00,121735_11,0,0.00,100.00,-1.00,-1.00,-1.00,0
1200.00,1500.00,121735_12,14,168.00,1.57,16.61,14.82,5.00,14
1200.00,1500.00,121735_13,0,0.00,100.00,-1.00,-1.00,-1.00,0
1200.00,1500.00,121736_00,64,768.00,5.52,19.46,19.32,5.00,64
1200.00,1500.00,121736_01,71,852.00,5.59,21.26,21.16,5.00,71
1200.00,1500.00,121736_02,55,660.00,4.00,23.03,22.89,5.00,55
1200.00,1500.00,121736_10,0,0.00,0.00,-1.00,-1.00,-1.00,0
1200.00,1500.00,121736_11,0,0.00,0.00,-1.00,-1.00,-1.00,0
1200.00,1500.00,121736_12,0,0.00,0.00,-1.00,-1.00,-1.00,0
1200.00,1500.00,121738_00,45,540.00,3.02,25.04,24.85,5.00,45
1200.00,1500.00,121738_01,54,648.00,3.16,28.62,28.48,5.00,54
1200.00,1500.00,121738_10,0,0.00,0.00,-1.00,-1.00,-1.00,0
1200.00,1500.00,121738_11,0,0.00,0.00,-1.00,-1.00,-1.00,0
1200.00,1500.00,121741_00,53,636.00,4.59,20.21,19.25,5.00,53
1200.00,1500.00,121741_01,32,384.00,2.74,22.31,20.01,5.00,33
1200.00,1500.00,121741_02,4,48.00,0.30,24.09,24.07,5.00,5
1200.00,1500.00,121741_10,0,0.00,0.00,-1.00,-1.00,-1.00,0
1200.00,1500.00,121741_11,0,0.00,0.00,-1.00,-1.00,-1.00,0
1200.00,1500.00,121741_12,0,0.00,0.00,-1.00,-1.00,-1.00,0
1200.00,1500.00,121742_01,101,1212.00,39.15,5.79,4.25,5.00,101
1200.00,1500.00,121742_02,55,660.00,8.25,19.15,16.69,5.00,56
1200.00,1500.00,121742_03,19,228.00,1.58,21.29,20.09,5.00,19
1200.00,1500.00,121742_10,0,0.00,0.00,-1.00,-1.00,-1.00,0
1200.00,1500.00,121742_11,0,0.00,0.00,-1.00,-1.00,-1.00,0
1200.00,1500.00,121743_12,0,0.00,0.00,-1.00,-1.00,-1.00,0
1200.00,1500.00,121743_13,0,0.00,0.00,-1.00,-1.00,-1.00,0
1200.00,1500.00,121745_20,0,0.00,0.00,-1.00,-1.00,-1.00,0
1200.00,1500.00,121745_21,0,0.00,0.00,-1.00,-1.00,-1.00,0
1200.00,1500.00,121745_22,0,0.00,0.00,-1.00,-1.00,-1.00,0
1200.00,1500.00,121745_30,0,0.00,0.00,-1.00,-1.00,-1.00,0
1200.00,1500.00,121745_31,0,0.00,0.00,-1.00,-1.00,-1.00,0
1200.00,1500.00,121745_32,0,0.00,0.00,-1.00,-1.00,-1.00,0
1200.00,1500.00,121745_33,0,0.00,0.00,-1.00,-1.00,-1.00,0
1200.00,1500.00,121746_0,3,36.00,0.42,12.02,11.98,5.00,3
1200.00,1500.00,121754_00,118,1416.00,10.04,19.83,19.59,5.00,117
1200.00,1500.00,121754_01,0,0.00,0.00,-1.00,-1.00,-1.00,0
1200.00,1500.00,121754_10,56,672.00,42.38,5.67,2.20,5.00,56
1200.00,1500.00,121754_11,67,804.00,7.09,17.69,15.74,5.00,67
1200.00,1500.00,121755_00,0,0.00,0.00,-1.00,-1.00,-1.00,0
1200.00,1500.00,121755_01,0,0.00,0.00,-1.00,-1.00,-1.00,0
1200.00,1500.00,121755_10,0,0.00,0.00,-1.00,-1.00,-1.00,0
1200.00,1500.00,121755_11,0,0.00,0.00,-1.00,-1.00,-1.00,0
1200.00,1500.00,121756_00,5,60.00,12.25,0.69,0.68,5.00,5
1200.00,1500.00,121756_01,96,1152.00,5.18,32.22,30.87,5.00,96
1200.00,1500.00,121756_10,52,624.00,3.78,23.55,22.90,5.00,52
1200.00,1500.00,121756_11,40,480.00,2.37,28.44,28.11,5.00,40
1500.00,1800.00,121725_20,0,0.00,0.00,-1.00,-1.00,-1.00,0
1500.00,1800.00,121725_21,0,0.00,0.00,-1.00,-1.00,-1.00,0
1500.00,1800.00,121725_30,0,0.00,0.00,-1.00,-1.00,-1.00,0
1500.00,1800.00,121725_31,0,0.00,0.00,-1.00,-1.00,-1.00,0
1500.00,1800.00,121726_00,53,636.00,3.92,22.65,22.51,5.00,53
1500.00,1800.00,121726_01,41,492.00,2.65,25.91,25.78,5.00,41
1500.00,1800.00,121726_02,11,132.00,0.65,28.13,28.02,5.00,11
1500.00,1800.00,121726_10,4,48.00,0.30,22.73,22.52,5.00,4
1500.00,1800.00,121726_11,1,12.00,0.07,22.69,22.69,5.00,1
1500.00,1800.00,121726_12,0,0.00,0.00,-1.00,-1.00,-1.00,0
1500.00,1800.00,121727_00,55,660.00,4.29,22.68,21.35,5.00,55
1500.00,1800.00,121727_01,40,480.00,2.67,25.45,25.33,5.00,41
1500.00,1800.00,121727_02,13,156.00,0.77,28.23,28.15,5.00,13
1500.00,1800.00,121727_10,2,24.00,0.14,23.72,23.55,5.00,2
1500.00,1800.00,121727_11,0,0.00,0.00,-1.00,-1.00,-1.00,0
1500.00,1800.00,121727_12,0,0.00,0.00,-1.00,-1.00,-1.00,0
1500.00,1800.00,121731_00,0,0.00,100.00,-1.00,-1.00,-1.00,0
1500.00,1800.00,121731_01,0,0.00,0.00,-1.00,-1.00,-1.00,0
1500.00,1800.00,121731_02,20,240.00,1.52,22.04,21.86,5.00,20
1500.00,1800.00,121731_03,0,0.00,0.00,-1.00,-1.00,-1.00,0
1500.00,1800.00,121731_04,0,0.00,0.00,-1.00,-1.00,-1.00,0
1500.00,1800.00,121731_10,0,0.00,0.00,-1.00,-1.00,-1.00,0
1500.00,1800.00,121731_11,0,0.00,0.00,-1.00,-1.00,-1.00,0
1500.00,1800.00,121731_12,0,0.00,0.00,-1.00,-1.00,-1.00,0
1500.00,1800.00,121731_13,0,0.00,0.00,-1.00,-1.00,-1.00,0
1500.00,1800.00,121732_00,111,1332.00,11.12,18.74,16.64,5.00,111
1500.00,1800.00,121732_01,15,180.00,1.54,20.18,19.92,5.00,20
1500.00,1800.00,121732_02,30,360.00,2.33,21.63,21.48,5.00,30
1500.00,1800.00,121732_03,4,48.00,0.30,22.66,22.55,5.00,4
1500.00,1800.00,121732_10,23,276.00,1.82,21.25,21.09,5.00,23
1500.00,1800.00,121732_11,50,600.00,4.03,21.21,21.02,5.00,51
1500.00,1800.00,121732_12,22,264.00,1.86,22.67,19.74,5.00,22
1500.00,1800.00,121732_13,4,48.00,0.27,24.87,24.82,5.00,4
1500.00,1800.00,121733_00,67,804.00,5.51,20.42,20.28,5.00,67
1500.00,1800.00,121733_01,44,528.00,3.22,22.85,22.76,5.00,44
1500.00,1800.00,121733_02,7,84.00,0.49,24.11,24.04,5.00,7
1500.00,1800.00,121733_10,7,84.00,0.55,21.49,21.35,5.00,7
1500.00,1800.00,121733_11,62,744.00,5.04,20.79,20.51,5.00,62
1500.00,1800.00,121733_12,30,360.00,2.20,22.87,22.70,5.00,30
1500.00,1800.00,121734_00,0,0.00,0.00,-1.00,-1.00,-1.00,0
1500.00,1800.00,121734_01,20,240.00,1.78,19.22,18.71,5.00,21
1500.00,1800.00,121734_02,73,876.00,6.63,19.89,18.71,5.00,76
1500.00,1800.00,121734_03,40,480.00,3.53,22.09,18.88,5.00,40
1500.00,1800.00,121734_04,4,48.00,0.29,23.02,22.99,5.00,4
1500.00,1800.00,121734_10,0,0.00,100.00,-1.00,-1.00,-1.00,0
1500.00,1800.00,121734_11,0,0.00,100.00,-1.00,-1.00,-1.00,0
1500.00,1800.00,121734_12,0,0.00,100.00,-1.00,-1.00,-1.00,0
1500.00,1800.00,121734_13,0,0.00,0.00,-1.00,-1.00,-1.00,0
1500.00,1800.00,121735_00,37,444.00,3.38,19.64,18.26,5.00,37
1500.00,1800.00,121735_01,72,864.00,5.62,21.67,21.57,5.00,73
1500.00,1800.00,121735_02,22,264.00,1.57,23.51,23.41,5.00,22
1500.00,1800.00,121735_03,20,240.00,1.56,21.54,21.43,5.00,20
1500.00,1800.00,121735_10,0,0.00,100.00,-1.00,-1.00,-1.00,0
1500.00,1800.00,121735_11,0,0.00,100.00,-1.00,-1.00,-1.00,0
1500.00,1800.00,121735_12,0,0.00,0.00,-1.00,-1.00,-1.00,0
1500.00,1800.00,121735_13,0,0.00,100.00,-1.00,-1.00,-1.00,0
1500.00,1800.00,121736_00,52,624.00,4.67,18.71,18.56,5.00,52
1500.00,1800.00,121736_01,67,804.00,5.70,20.11,19.70,5.00,69
1500.00,1800.00,121736_02,73,876.00,6.36,21.22,19.12,5.00,73
1500.00,1800.00,121736_10,1,12.00,0.10,17.14,17.14,5.00,1
1500.00,1800.00,121736_11,0,0.00,0.00,-1.00,-1.00,-1.00,0
1500.00,1800.00,121736_12,0,0.00,0.00,-1.00,-1.00,-1.00,0
1500.00,1800.00,121738_00,44,528.00,2.94,25.15,24.94,5.00,44
1500.00,1800.00,121738_01,53,636.00,3.19,27.84,27.73,5.00,53
1500.00,1800.00,121738_10,0,0.00,0.00,-1.00,-1.00,-1.00,0
1500.00,1800.00,121738_11,0,0.00,0.00,-1.00,-1.00,-1.00,0
1500.00,1800.00,121741_00,57,684.00,4.76,20.09,19.94,5.00,57
1500.00,1800.00,121741_01,30,360.00,2.51,22.17,19.95,5.00,30
1500.00,1800.00,121741_02,3,36.00,0.24,26.35,26.35,5.00,4
1500.00,1800.00,121741_10,0,0.00,0.00,-1.00,-1.00,-1.00,0
1500.00,1800.00,121741_11,0,0.00,0.00,-1.00,-1.00,-1.00,0
1500.00,1800.00,121741_12,0,0.00,0.00,-1.00,-1.00,-1.00,0
1500.00,1800.00,121742_01,94,1128.00,38.32,6.44,4.08,5.00,93
1500.00,1800.00,121742_02,63,756.00,6.96,18.22,15.08,5.00,63
1500.00,1800.00,121742_03,24,288.00,2.03,21.33,20.88,5.00,25
1500.00,1800.00,121742_10,0,0.00,0.00,-1.00,-1.00,-1.00,0
1500.00,1800.00,121742_11,0,0.00,0.00,-1.00,-1.00,-1.00,0
1500.00,1800.00,121743_12,0,0.00,0.00,-1.00,-1.00,-1.00,0
1500.00,1800.00,121743_13,0,0.00,0.00,-1.00,-1.00,-1.00,0
1500.00,1800.00,121745_20,0,0.00,0.00,-1.00,-1.00,-1.00,0
1500.00,1800.00,121745_21,0,0.00,0.00,-1.00,-1.00,-1.00,0
1500.00,1800.00,121745_22,0,0.00,0.00,-1.00,-1.00,-1.00,0
1500.00,1800.00,121745_30,0,0.00,0.00,-1.00,-1.00,-1.00,0
1500.00,1800.00,121745_31,0,0.00,0.00,-1.00,-1.00,-1.00,0
1500.00,1800.00,121745_32,0,0.00,0.00,-1.00,-1.00,-1.00,0
1500.00,1800.00,121745_33,0,0.00,0.00,-1.00,-1.00,-1.00,0
1500.00,1800.00,121746_0,3,36.00,0.42,11.87,11.86,5.00,3
1500.00,1800.00,121754_00,119,1428.00,10.20,19.64,19.44,5.00,119
1500.00,1800.00,121754_01,0,0.00,0.00,-1.00,-1.00,-1.00,0
1500.00,1800.00,121754_10,75,900.00,46.17,5.14,2.76,5.00,76
1500.00,1800.00,121754_11,40,480.00,3.52,19.21,18.91,5.00,40
1500.00,1800.00,121755_00,0,0.00,0.00,-1.00,-1.00,-1.00,0
1500.00,1800.00,121755_01,0,0.00,0.00,-1.00,-1.00,-1.00,0
1500.00,1800.00,121755_10,0,0.00,0.00,-1.00,-1.00,-1.00,0
1500.00,1800.00,121755_11,0,0.00,0.00,-1.00,-1.00,-1.00,0
1500.00,1800.00,121756_00,2,24.00,4.44,0.75,0.75,5.00,2
1500.00,1800.00,121756_01,101,1212.00,5.04,33.86,33.43,5.00,101
1500.00,1800.00,121756_10,58,696.00,4.29,23.29,22.52,5.00,58
1500.00,1800.00,121756_11,34,408.00,2.01,28.31,28.18,5.00,34
1800.00,2100.00,121725_20,0,0.00,0.00,-1.00,-1.00,-1.00,0
1800.00,2100.00,121725_21,0,0.00,0.00,-1.00,-1.00,-1.00,0
1800.00,2100.00,121725_30,0,0.00,0.00,-1.00,-1.00,-1.00,0
1800.00,2100.00,121725_31,0,0.00,0.00,-1.00,-1.00,-1.00,0
1800.00,2100.00,121726_00,52,624.00,3.89,22.47,22.29,5.00,52
1800.00,2100.00,121726_01,45,540.00,3.00,25.14,24.97,5.00,45
1800.00,2100.00,121726_02,17,204.00,1.03,27.51,27.43,5.00,17
1800.00,2100.00,121726_10,17,204.00,1.24,23.18,22.91,5.00,17
1800.00,2100.00,121726_11,22,264.00,1.47,25.10,24.93,5.00,22
1800.00,2100.00,121726_12,5,60.00,0.32,26.05,25.99,5.00,5
1800.00,2100.00,121727_00,57,684.00,4.23,22.66,22.47,5.00,57
1800.00,2100.00,121727_01,41,492.00,2.72,25.25,25.10,5.00,41
1800.00,2100.00,121727_02,19,228.00,1.19,26.67,26.52,5.00,19
1800.00,2100.00,121727_10,21,252.00,1.54,23.00,22.68,5.00,21
1800.00,2100.00,121727_11,19,228.00,1.25,25.33,25.25,5.00,19
1800.00,2100.00,121727_12,4,48.00,0.25,26.61,26.54,5.00,4
1800.00,2100.00,121731_00,0,0.00,100.00,-1.00,-1.00,-1.00,0
1800.00,2100.00,121731_01,0,0.00,0.00,-1.00,-1.00,-1.00,0
1800.00,2100.00,121731_02,17,204.00,1.37,20.71,20.61,5.00,17
1800.00,2100.00,121731_03,0,0.00,0.00,-1.00,-1.00,-1.00,0
1800.00,2100.00,121731_04,0,0.00,0.00,-1.00,-1.00,-1.00,0
1800.00,2100.00,121731_10,0,0.00,0.00,-1.00,-1.00,-1.00,0
1800.00,2100.00,121731_11,0,0.00,0.00,-1.00,-1.00,-1.00,0
1800.00,2100.00,121731_12,0,0.00,0.00,-1.00,-1.00,-1.00,0
1800.00,2100.00,121731_13,0,0.00,0.00,-1.00,-1.00,-1.00,0
1800.00,2100.00,121732_00,104,1248.00,9.90,18.84,17.51,5.00,104
1800.00,2100.00,121732_01,25,300.00,2.29,19.35,18.97,5.00,27
1800.00,2100.00,121732_02,24,288.00,1.86,21.72,21.56,5.00,24
1800.00,2100.00,121732_03,6,72.00,0.42,23.96,23.77,5.00,6
1800.00,2100.00,121732_10,25,300.00,2.06,20.58,20.18,5.00,25
1800.00,2100.00,121732_11,44,528.00,3.66,20.22,20.06,5.00,44
1800.00,2100.00,121732_12,25,300.00,1.87,22.49,22.30,5.00,25
1800.00,2100.00,121732_13,7,84.00,0.50,23.46,23.38,5.00,7
1800.00,2100.00,121733_00,73,876.00,6.51,19.97,19.00,5.00,74
1800.00,2100.00,121733_01,43,516.00,3.46,22.26,20.80,5.00,44
1800.00,2100.00,121733_02,10,120.00,0.68,24.79,24.69,5.00,10
1800.00,2100.00,121733_10,7,84.00,0.64,18.50,18.15,5.00,7
1800.00,2100.00,121733_11,46,552.00,26.01,19.41,16.59,5.00,47
1800.00,2100.00,121733_12,30,360.00,29.61,19.16,17.13,5.00,31
1800.00,2100.00,121734_00,0,0.00,0.00,-1.00,-1.00,-1.00,0
1800.00,2100.00,121734_01,19,228.00,1.84,17.98,17.47,5.00,20
1800.00,2100.00,121734_02,74,888.00,6.48,20.15,18.92,5.00,73
1800.00,2100.00,121734_03,40,480.00,2.87,23.42,23.26,5.00,41
1800.00,2100.00,121734_04,5,60.00,0.34,24.28,24.22,5.00,5
1800.00,2100.00,121734_10,0,0.00,100.00,-1.00,-1.00,-1.00,0
1800.00,2100.00,121734_11,0,0.00,100.00,-1.00,-1.00,-1.00,0
1800.00,2100.00,121734_12,0,0.00,100.00,-1.00,-1.00,-1.00,0
1800.00,2100.00,121734_13,0,0.00,0.00,-1.00,-1.00,-1.00,0
1800.00,2100.00,121735_00,28,336.00,2.38,19.79,19.62,5.00,28
1800.00,2100.00,121735_01,73,876.00,5.64,21.68,21.57,5.00,73
1800.00,2100.00,121735_02,29,348.00,2.01,24.19,24.06,5.00,29
1800.00,2100.00,121735_03,19,228.00,1.55,20.75,20.41,5.00,19
1800.00,2100.00,121735_10,0,0.00,100.00,-1.00,-1.00,-1.00,0
1800.00,2100.00,121735_11,0,0.00,100.00,-1.00,-1.00,-1.00,0
1800.00,2100.00,121735_12,0,0.00,0.00,-1.00,-1.00,-1.00,0
1800.00,2100.00,121735_13,0,0.00,100.00,-1.00,-1.00,-1.00,0
1800.00,2100.00,121736_00,23,276.00,60.18,4.38,0.64,5.00,24
1800.00,2100.00,121736_01,46,552.00,47.07,4.07,1.63,5.00,46
1800.00,2100.00,121736_02,93,1116.00,34.14,9.41,4.54,5.00,93
1800.00,2100.00,121736_10,0,0.00,0.00,-1.00,-1.00,-1.00,0
1800.00,2100.00,121736_11,0,0.00,0.00,-1.00,-1.00,-1.00,0
1800.00,2100.00,121736_12,0,0.00,0.00,-1.00,-1.00,-1.00,0
1800.00,2100.00,121738_00,51,612.00,3.74,24.61,22.74,5.00,51
1800.00,2100.00,121738_01,52,624.00,3.21,27.40,27.15,5.00,53
1800.00,2100.00,121738_10,0,0.00,0.00,-1.00,-1.00,-1.00,0
1800.00,2100.00,121738_11,0,0.00,0.00,-1.00,-1.00,-1.00,0
1800.00,2100.00,121741_00,45,540.00,3.70,20.43,20.27,5.00,45
1800.00,2100.00,121741_01,25,300.00,1.81,23.18,23.02,5.00,25
1800.00,2100.00,121741_02,6,72.00,0.42,24.11,24.01,5.00,6
1800.00,2100.00,121741_10,0,0.00,0.00,-1.00,-1.00,-1.00,0
1800.00,2100.00,121741_11,0,0.00,0.00,-1.00,-1.00,-1.00,0
1800.00,2100.00,121741_12,0,0.00,0.00,-1.00,-1.00,-1.00,0
1800.00,2100.00,121742_01,82,984.00,46.96,7.28,2.91,5.00,82
1800.00,2100.00,121742_02,56,672.00,31.21,15.02,4.09,5.00,58
1800.00,2100.00,121742_03,29,348.00,2.74,20.31,18.05,5.00,30
1800.00,2100.00,121742_10,0,0.00,0.00,-1.00,-1.00,-1.00,0
1800.00,2100.00,121742_11,0,0.00,0.00,-1.00,-1.00,-1.00,0
1800.00,2100.00,121743_12,0,0.00,0.00,-1.00,-1.00,-1.00,0
1800.00,2100.00,121743_13,0,0.00,0.00,-1.00,-1.00,-1.00,0
1800.00,2100.00,121745_20,0,0.00,0.00,-1.00,-1.00,-1.00,0
1800.00,2100.00,121745_21,0,0.00,0.00,-1.00,-1.00,-1.00,0
1800.00,2100.00,121745_22,0,0.00,0.00,-1.00,-1.00,-1.00,0
1800.00,2100.00,121745_30,0,0.00,0.00,-1.00,-1.00,-1.00,0
1800.00,2100.00,121745_31,0,0.00,0.00,-1.00,-1.00,-1.00,0
1800.00,2100.00,121745_32,0,0.00,0.00,-1.00,-1.00,-1.00,0
1800.00,2100.00,121745_33,0,0.00,0.00,-1.00,-1.00,-1.00,0
1800.00,2100.00,121746_0,4,48.00,0.55,12.12,12.09,5.00,4
1800.00,2100.00,121754_00,112,1344.00,9.73,19.53,19.35,5.00,113
1800.00,2100.00,121754_01,0,0.00,0.00,-1.00,-1.00,-1.00,0
1800.00,2100.00,121754_10,82,984.00,44.46,5.09,3.03,5.00,82
1800.00,2100.00,121754_11,19,228.00,1.64,19.81,19.25,5.00,19
1800.00,2100.00,121755_00,0,0.00,0.00,-1.00,-1.00,-1.00,0
1800.00,2100.00,121755_01,0,0.00,0.00,-1.00,-1.00,-1.00,0
1800.00,2100.00,121755_10,0,0.00,0.00,-1.00,-1.00,-1.00,0
1800.00,2100.00,121755_11,0,0.00,0.00,-1.00,-1.00,-1.00,0
1800.00,2100.00,121756_00,5,60.00,11.42,0.73,0.73,5.00,5
1800.00,2100.00,121756_01,104,1248.00,4.96,35.28,34.95,5.00,104
1800.00,2100.00,121756_10,56,672.00,4.20,23.05,22.25,5.00,56
1800.00,2100.00,121756_11,45,540.00,2.74,27.48,27.36,5.00,45
2100.00,2400.00,121725_20,0,0.00,0.00,-1.00,-1.00,-1.00,0
2100.00,2400.00,121725_21,0,0.00,0.00,-1.00,-1.00,-1.00,0
2100.00,2400.00,121725_30,0,0.00,0.00,-1.00,-1.00,-1.00,0
2100.00,2400.00,121725_31,0,0.00,0.00,-1.00,-1.00,-1.00,0
2100.00,2400.00,121726_00,49,588.00,3.67,22.44,22.23,5.00,49
2100.00,2400.00,121726_01,40,480.00,2.66,25.18,25.02,5.00,40
2100.00,2400.00,121726_02,20,240.00,1.23,27.18,27.05,5.00,20
2100.00,2400.00,121726_10,12,144.00,0.87,23.21,23.12,5.00,12
2100.00,2400.00,121726_11,5,60.00,0.33,25.14,25.09,5.00,5
2100.00,2400.00,121726_12,3,36.00,0.19,26.61,26.41,5.00,3
2100.00,2400.00,121727_00,52,624.00,3.87,22.59,22.40,5.00,52
2100.00,2400.00,121727_01,37,444.00,2.45,25.36,25.20,5.00,37
2100.00,2400.00,121727_02,17,204.00,1.02,27.75,27.66,5.00,17
2100.00,2400.00,121727_10,13,156.00,0.93,23.50,23.41,5.00,13
2100.00,2400.00,121727_11,7,84.00,0.46,25.51,25.46,5.00,7
2100.00,2400.00,121727_12,2,24.00,0.12,27.06,26.87,5.00,2
2100.00,2400.00,121731_00,0,0.00,100.00,-1.00,-1.00,-1.00,0
2100.00,2400.00,121731_01,0,0.00,0.00,-1.00,-1.00,-1.00,0
2100.00,2400.00,121731_02,22,264.00,1.72,21.44,21.26,5.00,22
2100.00,2400.00,121731_03,0,0.00,0.00,-1.00,-1.00,-1.00,0
2100.00,2400.00,121731_04,0,0.00,0.00,-1.00,-1.00,-1.00,0
2100.00,2400.00,121731_10,0,0.00,0.00,-1.00,-1.00,-1.00,0
2100.00,2400.00,121731_11,0,0.00,0.00,-1.00,-1.00,-1.00,0
2100.00,2400.00,121731_12,0,0.00,0.00,-1.00,-1.00,-1.00,0
2100.00,2400.00,121731_13,0,0.00,0.00,-1.00,-1.00,-1.00,0
2100.00,2400.00,121732_00,106,1272.00,9.77,19.91,18.08,5.00,106
2100.00,2400.00,121732_01,11,132.00,1.22,19.59,19.41,5.00,15
2100.00,2400.00,121732_02,31,372.00,2.40,21.74,21.52,5.00,31
2100.00,2400.00,121732_03,4,48.00,0.28,23.99,23.87,5.00,4
2100.00,2400.00,121732_10,21,252.00,1.63,21.58,21.43,5.00,21
2100.00,2400.00,121732_11,46,552.00,3.75,20.55,20.42,5.00,46
2100.00,2400.00,121732_12,22,264.00,1.65,22.38,22.29,5.00,22
2100.00,2400.00,121732_13,5,60.00,0.36,23.04,23.01,5.00,5
2100.00,2400.00,121733_00,70,840.00,6.20,19.78,18.82,5.00,70
2100.00,2400.00,121733_01,34,408.00,2.57,22.57,22.45,5.00,35
2100.00,2400.00,121733_02,12,144.00,0.84,23.84,23.70,5.00,12
2100.00,2400.00,121733_10,22,264.00,27.84,15.33,14.85,5.00,23
2100.00,2400.00,121733_11,0,0.00,100.00,-1.00,-1.00,-1.00,0
2100.00,2400.00,121733_12,0,0.00,100.00,-1.00,-1.00,-1.00,0
2100.00,2400.00,121734_00,0,0.00,0.00,-1.00,-1.00,-1.00,0
2100.00,2400.00,121734_01,20,240.00,1.94,19.33,19.03,5.00,22
2100.00,2400.00,121734_02,61,732.00,5.66,19.75,17.99,5.00,62
2100.00,2400.00,121734_03,48,576.00,3.75,23.09,21.29,5.00,47
2100.00,2400.00,121734_04,4,48.00,0.30,22.07,22.06,5.00,4
2100.00,2400.00,121734_10,0,0.00,100.00,-1.00,-1.00,-1.00,0
2100.00,2400.00,121734_11,0,0.00,100.00,-1.00,-1.00,-1.00,0
2100.00,2400.00,121734_12,0,0.00,100.00,-1.00,-1.00,-1.00,0
2100.00,2400.00,121734_13,0,0.00,0.00,-1.00,-1.00,-1.00,0
2100.00,2400.00,121735_00,38,456.00,3.24,19.79,19.52,5.00,38
2100.00,2400.00,121735_01,61,732.00,4.72,22.01,21.87,5.00,62
2100.00,2400.00,121735_02,28,336.00,2.20,23.53,21.21,5.00,28
2100.00,2400.00,121735_03,31,372.00,2.48,21.05,20.86,5.00,31
2100.00,2400.00,121735_10,0,0.00,100.00,-1.00,-1.00,-1.00,0
2100.00,2400.00,121735_11,0,0.00,100.00,-1.00,-1.00,-1.00,0
2100.00,2400.00,121735_12,0,0.00,0.00,-1.00,-1.00,-1.00,0
2100.00,2400.00,121735_13,0,0.00,100.00,-1.00,-1.00,-1.00,0
2100.00,2400.00,121736_00,16,192.00,74.82,0.71,0.43,5.00,16
2100.00,2400.00,121736_01,30,360.00,59.51,1.89,0.94,5.00,31
2100.00,2400.00,121736_02,100,1200.00,40.25,9.10,4.14,5.00,100
2100.00,2400.00,121736_10,0,0.00,0.00,-1.00,-1.00,-1.00,0
2100.00,2400.00,121736_11,0,0.00,0.00,-1.00,-1.00,-1.00,0
2100.00,2400.00,121736_12,0,0.00,0.00,-1.00,-1.00,-1.00,0
2100.00,2400.00,121738_00,41,492.00,3.13,23.75,21.82,5.00,41
2100.00,2400.00,121738_01,63,756.00,3.86,27.88,27.50,5.00,64
2100.00,2400.00,121738_10,0,0.00,0.00,-1.00,-1.00,-1.00,0
2100.00,2400.00,121738_11,0,0.00,0.00,-1.00,-1.00,-1.00,0
2100.00,2400.00,121741_00,43,516.00,3.62,20.01,19.82,5.00,43
2100.00,2400.00,121741_01,31,372.00,2.24,23.22,23.11,5.00,31
2100.00,2400.00,121741_02,6,72.00,0.42,23.77,23.61,5.00,6
2100.00,2400.00,121741_10,0,0.00,0.00,-1.00,-1.00,-1.00,0
2100.00,2400.00,121741_11,0,0.00,0.00,-1.00,-1.00,-1.00,0
2100.00,2400.00,121741_12,0,0.00,0.00,-1.00,-1.00,-1.00,0
2100.00,2400.00,121742_01,91,1092.00,35.40,6.82,4.28,5.00,91
2100.00,2400.00,121742_02,49,588.00,10.66,16.77,7.66,5.00,49
2100.00,2400.00,121742_03,34,408.00,2.90,20.77,19.52,5.00,34
2100.00,2400.00,121742_10,0,0.00,0.00,-1.00,-1.00,-1.00,0
2100.00,2400.00,121742_11,0,0.00,0.00,-1.00,-1.00,-1.00,0
2100.00,2400.00,121743_12,0,0.00,0.00,-1.00,-1.00,-1.00,0
2100.00,2400.00,121743_13,0,0.00,0.00,-1.00,-1.00,-1.00,0
2100.00,2400.00,121745_20,0,0.00,0.00,-1.00,-1.00,-1.00,0
2100.00,2400.00,121745_21,3,36.00,38.72,1.52,1.25,5.00,4
2100.00,2400.00,121745_22,8,96.00,4.94,3.72,2.70,5.00,8
2100.00,2400.00,121745_30,0,0.00,0.00,-1.00,-1.00,-1.00,0
2100.00,2400.00,121745_31,0,0.00,0.00,-1.00,-1.00,-1.00,0
2100.00,2400.00,121745_32,0,0.00,0.00,-1.00,-1.00,-1.00,0
2100.00,2400.00,121745_33,0,0.00,0.00,-1.00,-1.00,-1.00,0
2100.00,2400.00,121746_0,2,24.00,0.25,13.40,13.40,5.00,2
2100.00,2400.00,121754_00,117,1404.00,9.94,19.64,19.46,5.00,116
2100.00,2400.00,121754_01,0,0.00,0.00,-1.00,-1.00,-1.00,0
2100.00,2400.00,121754_10,77,924.00,14.52,12.31,8.74,5.00,76
2100.00,2400.00,121754_11,0,0.00,0.00,-1.00,-1.00,-1.00,0
2100.00,2400.00,121755_00,0,0.00,0.00,-1.00,-1.00,-1.00,0
2100.00,2400.00,121755_01,0,0.00,0.00,-1.00,-1.00,-1.00,0
2100.00,2400.00,121755_10,0,0.00,0.00,-1.00,-1.00,-1.00,0
2100.00,2400.00,121755_11,0,0.00,0.00,-1.00,-1.00,-1.00,0
2100.00,2400.00,121756_00,3,36.00,6.58,0.76,0.76,5.00,3
2100.00,2400.00,121756_01,96,1152.00,4.64,34.79,34.49,5.00,96
2100.00,2400.00,121756_10,54,648.00,4.22,22.12,21.34,5.00,54
2100.00,2400.00,121756_11,47,564.00,2.87,27.52,27.28,5.00,47
2400.00,2700.00,121725_20,0,0.00,0.00,-1.00,-1.00,-1.00,0
2400.00,2700.00,121725_21,0,0.00,0.00,-1.00,-1.00,-1.00,0
2400.00,2700.00,121725_30,0,0.00,0.00,-1.00,-1.00,-1.00,0
2400.00,2700.00,121725_31,0,0.00,0.00,-1.00,-1.00,-1.00,0
2400.00,2700.00,121726_00,55,660.00,4.15,22.30,22.08,5.00,55
2400.00,2700.00,121726_01,46,552.00,3.08,25.07,24.88,5.00,46
2400.00,2700.00,121726_02,17,204.00,1.06,26.81,26.72,5.00,17
2400.00,2700.00,121726_10,7,84.00,0.52,22.87,22.62,5.00,7
2400.00,2700.00,121726_11,6,72.00,0.40,24.93,24.73,5.00,6
2400.00,2700.00,121726_12,2,24.00,0.14,24.20,24.20,5.00,2
2400.00,2700.00,121727_00,52,624.00,4.18,22.08,20.72,5.00,52
2400.00,2700.00,121727_01,42,504.00,2.92,24.64,24.46,5.00,43
2400.00,2700.00,121727_02,21,252.00,1.36,25.81,25.72,5.00,21
2400.00,2700.00,121727_10,9,108.00,0.67,22.76,22.54,5.00,9
2400.00,2700.00,121727_11,6,72.00,0.40,24.97,24.82,5.00,6
2400.00,2700.00,121727_12,2,24.00,0.13,26.68,26.55,5.00,2
2400.00,2700.00,121731_00,0,0.00,100.00,-1.00,-1.00,-1.00,0
2400.00,2700.00,121731_01,0,0.00,0.00,-1.00,-1.00,-1.00,0
2400.00,2700.00,121731_02,22,264.00,1.90,19.63,19.27,5.00,22
2400.00,2700.00,121731_03,0,0.00,0.00,-1.00,-1.00,-1.00,0
2400.00,2700.00,121731_04,0,0.00,0.00,-1.00,-1.00,-1.00,0
2400.00,2700.00,121731_10,0,0.00,0.00,-1.00,-1.00,-1.00,0
2400.00,2700.00,121731_11,0,0.00,0.00,-1.00,-1.00,-1.00,0
2400.00,2700.00,121731_12,0,0.00,0.00,-1.00,-1.00,-1.00,0
2400.00,2700.00,121731_13,0,0.00,0.00,-1.00,-1.00,-1.00,0
2400.00,2700.00,121732_00,107,1284.00,9.72,19.13,18.35,5.00,107
2400.00,2700.00,121732_01,21,252.00,1.97,19.11,18.63,5.00,22
2400.00,2700.00,121732_02,25,300.00,2.05,20.62,20.28,5.00,25
2400.00,2700.00,121732_03,9,108.00,0.64,23.43,23.36,5.00,9
2400.00,2700.00,121732_10,23,276.00,1.83,21.19,20.99,5.00,23
2400.00,2700.00,121732_11,40,480.00,3.26,20.67,20.53,5.00,41
2400.00,2700.00,121732_12,20,240.00,1.45,23.00,22.91,5.00,20
2400.00,2700.00,121732_13,7,84.00,0.51,23.03,22.89,5.00,7
2400.00,2700.00,121733_00,65,780.00,5.37,20.41,20.17,5.00,65
2400.00,2700.00,121733_01,41,492.00,3.04,22.60,22.45,5.00,41
2400.00,2700.00,121733_02,12,144.00,0.81,24.65,24.58,5.00,12
2400.00,2700.00,121733_10,0,0.00,100.00,-1.00,-1.00,-1.00,0
2400.00,2700.00,121733_11,0,0.00,100.00,-1.00,-1.00,-1.00,0
2400.00,2700.00,121733_12,0,0.00,100.00,-1.00,-1.00,-1.00,0
2400.00,2700.00,121734_00,1,12.00,0.10,16.46,16.46,5.00,1
2400.00,2700.00,121734_01,14,168.00,1.30,18.67,18.19,5.00,15
2400.00,2700.00,121734_02,68,816.00,6.14,19.77,18.61,5.00,69
2400.00,2700.00,121734_03,46,552.00,3.69,22.54,20.96,5.00,47
2400.00,2700.00,121734_04,4,48.00,0.58,19.13,11.52,5.00,4
2400.00,2700.00,121734_10,0,0.00,100.00,-1.00,-1.00,-1.00,0
2400.00,2700.00,121734_11,0,0.00,100.00,-1.00,-1.00,-1.00,0
2400.00,2700.00,121734_12,0,0.00,100.00,-1.00,-1.00,-1.00,0
2400.00,2700.00,121734_13,0,0.00,0.00,-1.00,-1.00,-1.00,0
2400.00,2700.00,121735_00,27,324.00,2.37,19.19,19.00,5.00,27
2400.00,2700.00,121735_01,67,804.00,5.14,21.84,21.71,5.00,67
2400.00,2700.00,121735_02,29,348.00,2.06,23.58,23.44,5.00,29
2400.00,2700.00,121735_03,23,276.00,1.84,21.13,20.79,5.00,23
2400.00,2700.00,121735_10,0,0.00,100.00,-1.00,-1.00,-1.00,0
2400.00,2700.00,121735_11,0,0.00,100.00,-1.00,-1.00,-1.00,0
2400.00,2700.00,121735_12,0,0.00,0.00,-1.00,-1.00,-1.00,0
2400.00,2700.00,121735_13,0,0.00,100.00,-1.00,-1.00,-1.00,0
2400.00,2700.00,121736_00,16,192.00,72.88,0.54,0.31,5.00,15
2400.00,2700.00,121736_01,21,252.00,67.10,1.09,0.48,5.00,20
2400.00,2700.00,121736_02,97,1164.00,40.33,9.18,4.02,5.00,98
2400.00,2700.00,121736_10,4,48.00,0.29,23.18,22.96,5.00,4
2400.00,2700.00,121736_11,0,0.00,0.00,-1.00,-1.00,-1.00,0
2400.00,2700.00,121736_12,0,0.00,0.00,-1.00,-1.00,-1.00,0
2400.00,2700.00,121738_00,46,552.00,3.10,24.81,24.70,5.00,46
2400.00,2700.00,121738_01,51,612.00,3.00,28.44,28.33,5.00,51
2400.00,2700.00,121738_10,0,0.00,0.00,-1.00,-1.00,-1.00,0
2400.00,2700.00,121738_11,0,0.00,0.00,-1.00,-1.00,-1.00,0
2400.00,2700.00,121741_00,49,588.00,4.57,19.95,17.86,5.00,49
2400.00,2700.00,121741_01,27,324.00,2.11,22.43,22.25,5.00,29
2400.00,2700.00,121741_02,1,12.00,0.07,25.43,25.43,5.00,1
2400.00,2700.00,121741_10,0,0.00,0.00,-1.00,-1.00,-1.00,0
2400.00,2700.00,121741_11,0,0.00,0.00,-1.00,-1.00,-1.00,0
2400.00,2700.00,121741_12,0,0.00,0.00,-1.00,-1.00,-1.00,0
2400.00,2700.00,121742_01,83,996.00,34.57,6.45,4.00,5.00,83
2400.00,2700.00,121742_02,56,672.00,11.31,16.05,8.25,5.00,56
2400.00,2700.00,121742_03,22,264.00,1.88,20.98,20.75,5.00,23
2400.00,2700.00,121742_10,0,0.00,0.00,-1.00,-1.00,-1.00,0
2400.00,2700.00,121742_11,0,0.00,0.00,-1.00,-1.00,-1.00,0
2400.00,2700.00,121743_12,0,0.00,0.00,-1.00,-1.00,-1.00,0
2400.00,2700.00,121743_13,0,0.00,0.00,-1.00,-1.00,-1.00,0
2400.00,2700.00,121745_20,0,0.00,0.00,-1.00,-1.00,-1.00,0
2400.00,2700.00,121745_21,0,0.00,100.00,-1.00,-1.00,-1.00,0
2400.00,2700.00,121745_22,0,0.00,0.00,-1.00,-1.00,-1.00,0
2400.00,2700.00,121745_30,0,0.00,0.00,-1.00,-1.00,-1.00,0
2400.00,2700.00,121745_31,1,12.00,0.06,25.66,25.66,5.00,1
2400.00,2700.00,121745_32,0,0.00,0.00,-1.00,-1.00,-1.00,0
2400.00,2700.00,121745_33,0,0.00,0.00,-1.00,-1.00,-1.00,0
2400.00,2700.00,121746_0,2,24.00,0.17,24.13,19.87,5.00,2
2400.00,2700.00,121754_00,117,1404.00,10.04,19.54,19.42,5.00,117
2400.00,2700.00,121754_01,0,0.00,0.00,-1.00,-1.00,-1.00,0
2400.00,2700.00,121754_10,64,768.00,5.18,20.67,20.60,5.00,64
2400.00,2700.00,121754_11,0,0.00,0.00,-1.00,-1.00,-1.00,0
2400.00,2700.00,121755_00,0,0.00,0.00,-1.00,-1.00,-1.00,0
2400.00,2700.00,121755_01,0,0.00,0.00,-1.00,-1.00,-1.00,0
2400.00,2700.00,121755_10,0,0.00,0.00,-1.00,-1.00,-1.00,0
2400.00,2700.00,121755_11,0,0.00,0.00,-1.00,-1.00,-1.00,0
2400.00,2700.00,121756_00,1,12.00,2.21,0.75,0.75,5.00,1
2400.00,2700.00,121756_01,108,1296.00,5.29,34.44,34.02,5.00,108
2400.00,2700.00,121756_10,55,660.00,4.10,23.28,22.49,5.00,56
2400.00,2700.00,121756_11,43,516.00,2.58,27.98,27.83,5.00,43
2700.00,3000.00,121725_20,0,0.00,0.00,-1.00,-1.00,-1.00,0
2700.00,3000.00,121725_21,0,0.00,0.00,-1.00,-1.00,-1.00,0
2700.00,3000.00,121725_30,0,0.00,0.00,-1.00,-1.00,-1.00,0
2700.00,3000.00,121725_31,0,0.00,0.00,-1.00,-1.00,-1.00,0
2700.00,3000.00,121726_00,50,600.00,3.79,22.54,22.30,5.00,51
2700.00,3000.00,121726_01,42,504.00,3.03,25.13,23.11,5.00,42
2700.00,3000.00,121726_02,21,252.00,1.34,26.28,26.20,5.00,21
2700.00,3000.00,121726_10,9,108.00,0.68,22.19,22.13,5.00,9
2700.00,3000.00,121726_11,5,60.00,0.35,23.98,23.81,5.00,5
2700.00,3000.00,121726_12,2,24.00,0.12,28.82,28.80,5.00,2
2700.00,3000.00,121727_00,50,600.00,3.77,22.58,22.28,5.00,51
2700.00,3000.00,121727_01,46,552.00,3.33,25.05,23.00,5.00,46
2700.00,3000.00,121727_02,18,216.00,1.15,26.24,26.04,5.00,18
2700.00,3000.00,121727_10,7,84.00,0.53,22.27,22.21,5.00,7
2700.00,3000.00,121727_11,4,48.00,0.27,24.54,24.28,5.00,4
2700.00,3000.00,121727_12,1,12.00,0.06,29.52,29.52,5.00,1
2700.00,3000.00,121731_00,0,0.00,100.00,-1.00,-1.00,-1.00,0
2700.00,3000.00,121731_01,0,0.00,0.00,-1.00,-1.00,-1.00,0
2700.00,3000.00,121731_02,2,24.00,85.47,8.42,8.01,5.00,3
2700.00,3000.00,121731_03,2,24.00,0.21,16.10,15.83,5.00,2
2700.00,3000.00,121731_04,0,0.00,0.00,-1.00,-1.00,-1.00,0
2700.00,3000.00,121731_10,0,0.00,0.00,-1.00,-1.00,-1.00,0
2700.00,3000.00,121731_11,0,0.00,0.00,-1.00,-1.00,-1.00,0
2700.00,3000.00,121731_12,0,0.00,0.00,-1.00,-1.00,-1.00,0
2700.00,3000.00,121731_13,0,0.00,0.00,-1.00,-1.00,-1.00,0
2700.00,3000.00,121732_00,107,1284.00,10.36,18.48,17.23,5.00,108
2700.00,3000.00,121732_01,22,264.00,2.15,18.41,17.59,5.00,24
2700.00,3000.00,121732_02,30,360.00,2.68,20.41,18.66,5.00,30
2700.00,3000.00,121732_03,7,84.00,0.58,22.55,22.44,5.00,8
2700.00,3000.00,121732_10,27,324.00,2.23,20.32,20.14,5.00,27
2700.00,3000.00,121732_11,23,276.00,2.31,18.46,16.51,5.00,22
2700.00,3000.00,121732_12,16,192.00,2.18,19.26,12.23,5.00,16
2700.00,3000.00,121732_13,23,276.00,5.32,17.24,14.56,5.00,25
2700.00,3000.00,121733_00,70,840.00,5.93,19.82,19.67,5.00,70
2700.00,3000.00,121733_01,41,492.00,3.05,22.54,22.40,5.00,41
2700.00,3000.00,121733_02,15,180.00,1.06,23.64,23.53,5.00,15
2700.00,3000.00,121733_10,0,0.00,100.00,-1.00,-1.00,-1.00,0
2700.00,3000.00,121733_11,0,0.00,100.00,-1.00,-1.00,-1.00,0
2700.00,3000.00,121733_12,0,0.00,100.00,-1.00,-1.00,-1.00,0
2700.00,3000.00,121734_00,0,0.00,0.00,-1.00,-1.00,-1.00,0
2700.00,3000.00,121734_01,15,180.00,1.48,18.53,18.16,5.00,17
2700.00,3000.00,121734_02,69,828.00,6.57,19.30,17.62,5.00,70
2700.00,3000.00,121734_03,47,564.00,3.77,22.38,20.78,5.00,47
2700.00,3000.00,121734_04,6,72.00,0.40,24.78,24.73,5.00,6
2700.00,3000.00,121734_10,0,0.00,100.00,-1.00,-1.00,-1.00,0
2700.00,3000.00,121734_11,0,0.00,100.00,-1.00,-1.00,-1.00,0
2700.00,3000.00,121734_12,0,0.00,100.00,-1.00,-1.00,-1.00,0
2700.00,3000.00,121734_13,0,0.00,0.00,-1.00,-1.00,-1.00,0
2700.00,3000.00,121735_00,40,480.00,3.79,18.91,17.59,5.00,40
2700.00,3000.00,121735_01,63,756.00,4.93,21.48,21.37,5.00,64
2700.00,3000.00,121735_02,26,312.00,1.83,23.77,23.68,5.00,26
2700.00,3000.00,121735_03,22,264.00,1.73,21.35,21.18,5.00,22
2700.00,3000.00,121735_10,0,0.00,100.00,-1.00,-1.00,-1.00,0
2700.00,3000.00,121735_11,0,0.00,100.00,-1.00,-1.00,-1.00,0
2700.00,3000.00,121735_12,0,0.00,0.00,-1.00,-1.00,-1.00,0
2700.00,3000.00,121735_13,0,0.00,100.00,-1.00,-1.00,-1.00,0
2700.00,3000.00,121736_00,18,216.00,70.74,1.08,0.51,5.00,19
2700.00,3000.00,121736_01,36,432.00,59.38,2.14,1.08,5.00,37
2700.00,3000.00,121736_02,97,1164.00,40.65,9.51,3.97,5.00,97
2700.00,3000.00,121736_10,0,0.00,0.00,-1.00,-1.00,-1.00,0
2700.00,3000.00,121736_11,0,0.00,0.00,-1.00,-1.00,-1.00,0
2700.00,3000.00,121736_12,0,0.00,0.00,-1.00,-1.00,-1.00,0
2700.00,3000.00,121738_00,49,588.00,3.29,25.00,24.83,5.00,49
2700.00,3000.00,121738_01,51,612.00,3.01,28.34,28.24,5.00,51
2700.00,3000.00,121738_10,0,0.00,0.00,-1.00,-1.00,-1.00,0
2700.00,3000.00,121738_11,0,0.00,0.00,-1.00,-1.00,-1.00,0
2700.00,3000.00,121741_00,48,576.00,4.05,19.89,19.74,5.00,48
2700.00,3000.00,121741_01,33,396.00,2.44,22.64,22.54,5.00,33
2700.00,3000.00,121741_02,3,36.00,0.22,22.62,22.56,5.00,3
2700.00,3000.00,121741_10,0,0.00,0.00,-1.00,-1.00,-1.00,0
2700.00,3000.00,121741_11,0,0.00,0.00,-1.00,-1.00,-1.00,0
2700.00,3000.00,121741_12,0,0.00,0.00,-1.00,-1.00,-1.00,0
2700.00,3000.00,121742_01,88,1056.00,37.61,6.30,3.90,5.00,88
2700.00,3000.00,121742_02,59,708.00,13.00,16.61,7.57,5.00,59
2700.00,3000.00,121742_03,27,324.00,2.46,19.68,18.39,5.00,28
2700.00,3000.00,121742_10,0,0.00,0.00,-1.00,-1.00,-1.00,0
2700.00,3000.00,121742_11,0,0.00,0.00,-1.00,-1.00,-1.00,0
2700.00,3000.00,121743_12,0,0.00,0.00,-1.00,-1.00,-1.00,0
2700.00,3000.00,121743_13,0,0.00,0.00,-1.00,-1.00,-1.00,0
2700.00,3000.00,121745_20,0,0.00,0.00,-1.00,-1.00,-1.00,0
2700.00,3000.00,121745_21,1,12.00,26.08,0.01,0.01,5.00,0
2700.00,3000.00,121745_22,0,0.00,67.60,-1.00,-1.00,-1.00,1
2700.00,3000.00,121745_30,0,0.00,0.00,-1.00,-1.00,-1.00,0
2700.00,3000.00,121745_31,0,0.00,0.00,-1.00,-1.00,-1.00,0
2700.00,3000.00,121745_32,0,0.00,0.00,-1.00,-1.00,-1.00,0
2700.00,3000.00,121745_33,0,0.00,0.00,-1.00,-1.00,-1.00,0
2700.00,3000.00,121746_0,2,24.00,0.27,12.38,12.32,5.00,2
2700.00,3000.00,121754_00,118,1416.00,10.26,19.44,19.17,5.00,118
2700.00,3000.00,121754_01,0,0.00,0.00,-1.00,-1.00,-1.00,0
2700.00,3000.00,121754_10,63,756.00,5.39,19.64,19.47,5.00,63
2700.00,3000.00,121754_11,2,24.00,0.15,21.57,21.56,5.00,2
2700.00,3000.00,121755_00,0,0.00,0.00,-1.00,-1.00,-1.00,0
2700.00,3000.00,121755_01,0,0.00,0.00,-1.00,-1.00,-1.00,0
2700.00,3000.00,121755_10,0,0.00,0.00,-1.00,-1.00,-1.00,0
2700.00,3000.00,121755_11,0,0.00,0.00,-1.00,-1.00,-1.00,0
2700.00,3000.00,121756_00,3,36.00,6.38,0.79,0.78,5.00,3
2700.00,3000.00,121756_01,98,1176.00,4.58,35.98,35.68,5.00,98
2700.00,3000.00,121756_10,59,708.00,4.10,24.61,23.82,5.00,58
2700.00,3000.00,121756_11,38,456.00,2.20,28.93,28.75,5.00,38
3000.00,3300.00,121725_20,0,0.00,0.00,-1.00,-1.00,-1.00,0
3000.00,3300.00,121725_21,0,0.00,0.00,-1.00,-1.00,-1.00,0
3000.00,3300.00,121725_30,0,0.00,0.00,-1.00,-1.00,-1.00,0
3000.00,3300.00,121725_31,0,0.00,0.00,-1.00,-1.00,-1.00,0
3000.00,3300.00,121726_00,53,636.00,4.29,22.02,20.57,5.00,53
3000.00,3300.00,121726_01,41,492.00,2.74,25.05,24.93,5.00,42
3000.00,3300.00,121726_02,19,228.00,1.16,27.43,27.38,5.00,19
3000.00,3300.00,121726_10,10,120.00,0.72,23.49,23.11,5.00,10
3000.00,3300.00,121726_11,5,60.00,0.34,25.17,24.84,5.00,5
3000.00,3300.00,121726_12,1,12.00,0.07,23.17,23.17,5.00,1
3000.00,3300.00,121727_00,56,672.00,4.15,22.68,22.50,5.00,56
3000.00,3300.00,121727_01,41,492.00,2.68,25.62,25.53,5.00,41
3000.00,3300.00,121727_02,17,204.00,1.04,27.39,27.29,5.00,17
3000.00,3300.00,121727_10,11,132.00,0.78,23.84,23.48,5.00,11
3000.00,3300.00,121727_11,4,48.00,0.27,25.47,25.11,5.00,4
3000.00,3300.00,121727_12,1,12.00,0.07,23.18,23.18,5.00,1
3000.00,3300.00,121731_00,0,0.00,100.00,-1.00,-1.00,-1.00,0
3000.00,3300.00,121731_01,0,0.00,0.00,-1.00,-1.00,-1.00,0
3000.00,3300.00,121731_02,9,108.00,95.11,6.45,0.13,5.00,9
3000.00,3300.00,121731_03,7,84.00,0.57,20.93,20.40,5.00,7
3000.00,3300.00,121731_04,0,0.00,0.00,-1.00,-1.00,-1.00,0
3000.00,3300.00,121731_10,0,0.00,0.00,-1.00,-1.00,-1.00,0
3000.00,3300.00,121731_11,0,0.00,0.00,-1.00,-1.00,-1.00,0
3000.00,3300.00,121731_12,0,0.00,0.00,-1.00,-1.00,-1.00,0
3000.00,3300.00,121731_13,0,0.00,0.00,-1.00,-1.00,-1.00,0
3000.00,3300.00,121732_00,110,1320.00,10.20,19.52,17.95,5.00,109
3000.00,3300.00,121732_01,15,180.00,1.47,19.28,19.09,5.00,18
3000.00,3300.00,121732_02,26,312.00,1.98,22.04,21.85,5.00,26
3000.00,3300.00,121732_03,6,72.00,0.43,23.32,23.27,5.00,6
3000.00,3300.00,121732_10,23,276.00,1.93,20.12,19.87,5.00,23
3000.00,3300.00,121732_11,0,0.00,0.00,-1.00,-1.00,-1.00,0
3000.00,3300.00,121732_12,0,0.00,0.00,-1.00,-1.00,-1.00,0
3000.00,3300.00,121732_13,0,0.00,100.00,-1.00,-1.00,-1.00,0
3000.00,3300.00,121733_00,73,876.00,6.53,19.06,18.76,5.00,75
3000.00,3300.00,121733_01,39,468.00,3.63,21.06,17.92,5.00,39
3000.00,3300.00,121733_02,14,168.00,0.96,24.43,24.33,5.00,14
3000.00,3300.00,121733_10,0,0.00,100.00,-1.00,-1.00,-1.00,0
3000.00,3300.00,121733_11,0,0.00,100.00,-1.00,-1.00,-1.00,0
3000.00,3300.00,121733_12,0,0.00,100.00,-1.00,-1.00,-1.00,0
3000.00,3300.00,121734_00,0,0.00,0.00,-1.00,-1.00,-1.00,0
3000.00,3300.00,121734_01,19,228.00,1.87,17.65,16.96,5.00,19
3000.00,3300.00,121734_02,69,828.00,6.25,18.88,18.40,5.00,69
3000.00,3300.00,121734_03,52,624.00,3.93,22.20,22.05,5.00,52
3000.00,3300.00,121734_04,7,84.00,0.48,24.32,24.29,5.00,7
3000.00,3300.00,121734_10,0,0.00,100.00,-1.00,-1.00,-1.00,0
3000.00,3300.00,121734_11,0,0.00,100.00,-1.00,-1.00,-1.00,0
3000.00,3300.00,121734_12,0,0.00,100.00,-1.00,-1.00,-1.00,0
3000.00,3300.00,121734_13,0,0.00,0.00,-1.00,-1.00,-1.00,0
3000.00,3300.00,121735_00,37,444.00,3.19,19.50,19.30,5.00,37
3000.00,3300.00,121735_01,65,780.00,5.12,21.29,21.17,5.00,65
3000.00,3300.00,121735_02,32,384.00,2.33,23.01,22.92,5.00,32
3000.00,3300.00,121735_03,20,240.00,1.52,22.05,21.92,5.00,20
3000.00,3300.00,121735_10,0,0.00,100.00,-1.00,-1.00,-1.00,0
3000.00,3300.00,121735_11,0,0.00,100.00,-1.00,-1.00,-1.00,0
3000.00,3300.00,121735_12,0,0.00,0.00,-1.00,-1.00,-1.00,0
3000.00,3300.00,121735_13,0,0.00,100.00,-1.00,-1.00,-1.00,0
3000.00,3300.00,121736_00,17,204.00,71.65,0.69,0.35,5.00,17
3000.00,3300.00,121736_01,38,456.00,59.38,2.34,1.00,5.00,37
3000.00,3300.00,121736_02,88,1056.00,41.49,7.46,3.53,5.00,87
3000.00,3300.00,121736_10,1,12.00,0.08,20.98,20.98,5.00,1
3000.00,3300.00,121736_11,0,0.00,0.00,-1.00,-1.00,-1.00,0
3000.00,3300.00,121736_12,0,0.00,0.00,-1.00,-1.00,-1.00,0
3000.00,3300.00,121738_00,46,552.00,3.09,24.99,24.83,5.00,46
3000.00,3300.00,121738_01,55,660.00,3.30,27.99,27.81,5.00,55
3000.00,3300.00,121738_10,0,0.00,0.00,-1.00,-1.00,-1.00,0
3000.00,3300.00,121738_11,0,0.00,0.00,-1.00,-1.00,-1.00,0
3000.00,3300.00,121741_00,55,660.00,4.59,20.15,19.97,5.00,55
3000.00,3300.00,121741_01,33,396.00,2.43,22.80,22.67,5.00,33
3000.00,3300.00,121741_02,5,60.00,0.34,24.91,24.83,5.00,5
3000.00,3300.00,121741_10,0,0.00,0.00,-1.00,-1.00,-1.00,0
3000.00,3300.00,121741_11,0,0.00,0.00,-1.00,-1.00,-1.00,0
3000.00,3300.00,121741_12,0,0.00,0.00,-1.00,-1.00,-1.00,0
3000.00,3300.00,121742_01,71,852.00,50.79,4.80,2.33,5.00,71
3000.00,3300.00,121742_02,70,840.00,29.90,14.50,5.50,5.00,71
3000.00,3300.00,121742_03,33,396.00,3.04,19.74,18.08,5.00,33
3000.00,3300.00,121742_10,0,0.00,0.00,-1.00,-1.00,-1.00,0
3000.00,3300.00,121742_11,0,0.00,0.00,-1.00,-1.00,-1.00,0
3000.00,3300.00,121743_12,0,0.00,0.00,-1.00,-1.00,-1.00,0
3000.00,3300.00,121743_13,0,0.00,0.00,-1.00,-1.00,-1.00,0
3000.00,3300.00,121745_20,0,0.00,0.00,-1.00,-1.00,-1.00,0
3000.00,3300.00,121745_21,9,108.00,35.44,2.10,1.49,5.00,10
3000.00,3300.00,121745_22,30,360.00,84.03,9.63,0.37,5.00,30
3000.00,3300.00,121745_30,0,0.00,0.00,-1.00,-1.00,-1.00,0
3000.00,3300.00,121745_31,1,12.00,0.08,21.58,21.58,5.00,1
3000.00,3300.00,121745_32,0,0.00,0.00,-1.00,-1.00,-1.00,0
3000.00,3300.00,121745_33,0,0.00,0.00,-1.00,-1.00,-1.00,0
3000.00,3300.00,121746_0,6,72.00,0.53,26.02,18.81,5.00,6
3000.00,3300.00,121754_00,115,1380.00,9.56,20.22,20.04,5.00,115
3000.00,3300.00,121754_01,0,0.00,0.00,-1.00,-1.00,-1.00,0
3000.00,3300.00,121754_10,54,648.00,4.41,20.53,20.42,5.00,54
3000.00,3300.00,121754_11,0,0.00,0.00,-1.00,-1.00,-1.00,0
3000.00,3300.00,121755_00,0,0.00,0.00,-1.00,-1.00,-1.00,0
3000.00,3300.00,121755_01,0,0.00,0.00,-1.00,-1.00,-1.00,0
3000.00,3300.00,121755_10,0,0.00,0.00,-1.00,-1.00,-1.00,0
3000.00,3300.00,121755_11,0,0.00,0.00,-1.00,-1.00,-1.00,0
3000.00,3300.00,121756_00,0,0.00,0.00,-1.00,-1.00,-1.00,0
3000.00,3300.00,121756_01,81,972.00,3.92,34.85,34.47,5.00,81
3000.00,3300.00,121756_10,56,672.00,4.09,23.56,22.80,5.00,56
3000.00,3300.00,121756_11,41,492.00,2.39,28.75,28.60,5.00,41
3300.00,3600.00,121725_20,0,0.00,0.00,-1.00,-1.00,-1.00,0
3300.00,3600.00,121725_21,0,0.00,0.00,-1.00,-1.00,-1.00,0
3300.00,3600.00,121725_30,0,0.00,0.00,-1.00,-1.00,-1.00,0
3300.00,3600.00,121725_31,0,0.00,0.00,-1.00,-1.00,-1.00,0
3300.00,3600.00,121726_00,57,684.00,4.17,22.95,22.80,5.00,57
3300.00,3600.00,121726_01,41,492.00,2.74,25.11,24.98,5.00,41
3300.00,3600.00,121726_02,17,204.00,1.04,27.22,27.12,5.00,17
3300.00,3600.00,121726_10,2,24.00,0.12,26.85,26.84,5.00,2
3300.00,3600.00,121726_11,0,0.00,0.00,-1.00,-1.00,-1.00,0
3300.00,3600.00,121726_12,0,0.00,0.00,-1.00,-1.00,-1.00,0
3300.00,3600.00,121727_00,62,744.00,4.52,23.01,22.88,5.00,62
3300.00,3600.00,121727_01,35,420.00,2.28,25.66,25.57,5.00,35
3300.00,3600.00,121727_02,15,180.00,0.92,27.34,27.23,5.00,15
3300.00,3600.00,121727_10,3,36.00,0.19,27.00,26.99,5.00,3
3300.00,3600.00,121727_11,0,0.00,0.00,-1.00,-1.00,-1.00,0
3300.00,3600.00,121727_12,0,0.00,0.00,-1.00,-1.00,-1.00,0
3300.00,3600.00,121731_00,0,0.00,100.00,-1.00,-1.00,-1.00,0
3300.00,3600.00,121731_01,0,0.00,0.00,-1.00,-1.00,-1.00,0
3300.00,3600.00,121731_02,0,0.00,100.00,-1.00,-1.00,-1.00,0
3300.00,3600.00,121731_03,8,96.00,0.65,21.35,20.50,5.00,8
3300.00,3600.00,121731_04,0,0.00,0.00,-1.00,-1.00,-1.00,0
3300.00,3600.00,121731_10,0,0.00,0.00,-1.00,-1.00,-1.00,0
3300.00,3600.00,121731_11,0,0.00,0.00,-1.00,-1.00,-1.00,0
3300.00,3600.00,121731_12,0,0.00,0.00,-1.00,-1.00,-1.00,0
3300.00,3600.00,121731_13,0,0.00,0.00,-1.00,-1.00,-1.00,0
3300.00,3600.00,121732_00,98,1176.00,9.20,18.51,17.91,5.00,99
3300.00,3600.00,121732_01,23,276.00,2.44,16.04,15.72,5.00,23
3300.00,3600.00,121732_02,19,228.00,2.03,16.51,15.58,5.00,19
3300.00,3600.00,121732_03,19,228.00,1.43,22.34,22.13,5.00,19
3300.00,3600.00,121732_10,21,252.00,1.72,20.48,20.36,5.00,21
3300.00,3600.00,121732_11,0,0.00,0.00,-1.00,-1.00,-1.00,0
3300.00,3600.00,121732_12,0,0.00,0.00,-1.00,-1.00,-1.00,0
3300.00,3600.00,121732_13,0,0.00,100.00,-1.00,-1.00,-1.00,0
3300.00,3600.00,121733_00,69,828.00,5.69,20.31,20.20,5.00,69
3300.00,3600.00,121733_01,38,456.00,2.84,22.55,22.32,5.00,38
3300.00,3600.00,121733_02,18,216.00,1.23,24.38,24.31,5.00,18
3300.00,3600.00,121733_10,0,0.00,100.00,-1.00,-1.00,-1.00,0
3300.00,3600.00,121733_11,0,0.00,100.00,-1.00,-1.00,-1.00,0
3300.00,3600.00,121733_12,0,0.00,100.00,-1.00,-1.00,-1.00,0
3300.00,3600.00,121734_00,1,12.00,0.09,18.32,18.32,5.00,1
3300.00,3600.00,121734_01,17,204.00,1.60,18.14,17.75,5.00,17
3300.00,3600.00,121734_02,72,864.00,5.95,20.52,20.17,5.00,72
3300.00,3600.00,121734_03,43,516.00,3.14,23.40,23.26,5.00,44
3300.00,3600.00,121734_04,4,48.00,0.27,24.38,24.31,5.00,4
3300.00,3600.00,121734_10,0,0.00,100.00,-1.00,-1.00,-1.00,0
3300.00,3600.00,121734_11,0,0.00,100.00,-1.00,-1.00,-1.00,0
3300.00,3600.00,121734_12,0,0.00,100.00,-1.00,-1.00,-1.00,0
3300.00,3600.00,121734_13,0,0.00,0.00,-1.00,-1.00,-1.00,0
3300.00,3600.00,121735_00,34,408.00,3.52,18.78,16.12,5.00,34
3300.00,3600.00,121735_01,71,852.00,5.51,21.79,21.68,5.00,73
3300.00,3600.00,121735_02,26,312.00,1.80,24.21,24.09,5.00,26
3300.00,3600.00,121735_03,22,264.00,1.77,20.88,20.76,5.00,22
3300.00,3600.00,121735_10,0,0.00,100.00,-1.00,-1.00,-1.00,0
3300.00,3600.00,121735_11,0,0.00,100.00,-1.00,-1.00,-1.00,0
3300.00,3600.00,121735_12,0,0.00,0.00,-1.00,-1.00,-1.00,0
3300.00,3600.00,121735_13,0,0.00,100.00,-1.00,-1.00,-1.00,0
3300.00,3600.00,121736_00,22,264.00,62.59,0.77,0.59,5.00,22
3300.00,3600.00,121736_01,36,432.00,63.95,2.52,0.95,5.00,37
3300.00,3600.00,121736_02,91,1092.00,42.88,7.84,3.63,5.00,92
3300.00,3600.00,121736_10,1,12.00,0.07,25.52,25.52,5.00,1
3300.00,3600.00,121736_11,0,0.00,0.00,-1.00,-1.00,-1.00,0
3300.00,3600.00,121736_12,0,0.00,0.00,-1.00,-1.00,-1.00,0
3300.00,3600.00,121738_00,47,564.00,3.18,24.84,24.62,5.00,47
3300.00,3600.00,121738_01,51,612.00,3.09,27.69,27.48,5.00,51
3300.00,3600.00,121738_10,0,0.00,0.00,-1.00,-1.00,-1.00,0
3300.00,3600.00,121738_11,0,0.00,0.00,-1.00,-1.00,-1.00,0
3300.00,3600.00,121741_00,54,648.00,4.68,20.46,19.23,5.00,54
3300.00,3600.00,121741_01,30,360.00,2.22,22.97,22.84,5.00,31
3300.00,3600.00,121741_02,0,0.00,0.00,-1.00,-1.00,-1.00,0
3300.00,3600.00,121741_10,0,0.00,0.00,-1.00,-1.00,-1.00,0
3300.00,3600.00,121741_11,0,0.00,0.00,-1.00,-1.00,-1.00,0
3300.00,3600.00,121741_12,0,0.00,0.00,-1.00,-1.00,-1.00,0
3300.00,3600.00,121742_01,75,900.00,46.93,4.89,2.66,5.00,75
3300.00,3600.00,121742_02,55,660.00,21.61,16.26,6.49,5.00,56
3300.00,3600.00,121742_03,29,348.00,2.74,19.57,18.15,5.00,30
3300.00,3600.00,121742_10,0,0.00,0.00,-1.00,-1.00,-1.00,0
3300.00,3600.00,121742_11,0,0.00,0.00,-1.00,-1.00,-1.00,0
3300.00,3600.00,121743_12,0,0.00,0.00,-1.00,-1.00,-1.00,0
3300.00,3600.00,121743_13,0,0.00,0.00,-1.00,-1.00,-1.00,0
3300.00,3600.00,121745_20,0,0.00,0.00,-1.00,-1.00,-1.00,0
3300.00,3600.00,121745_21,0,0.00,100.00,-1.00,-1.00,-1.00,0
3300.00,3600.00,121745_22,0,0.00,100.00,-1.00,-1.00,-1.00,0
3300.00,3600.00,121745_30,1,12.00,0.06,27.55,27.55,5.00,1
3300.00,3600.00,121745_31,0,0.00,0.00,-1.00,-1.00,-1.00,0
3300.00,3600.00,121745_32,0,0.00,0.00,-1.00,-1.00,-1.00,0
3300.00,3600.00,121745_33,0,0.00,0.00,-1.00,-1.00,-1.00,0
3300.00,3600.00,121746_0,3,36.00,0.40,12.69,12.52,5.00,3
3300.00,3600.00,121754_00,112,1344.00,9.55,19.74,19.55,5.00,112
3300.00,3600.00,121754_01,0,0.00,0.00,-1.00,-1.00,-1.00,0
3300.00,3600.00,121754_10,67,804.00,5.73,19.64,19.50,5.00,67
3300.00,3600.00,121754_11,0,0.00,0.00,-1.00,-1.00,-1.00,0
3300.00,3600.00,121755_00,0,0.00,0.00,-1.00,-1.00,-1.00,0
3300.00,3600.00,121755_01,0,0.00,0.00,-1.00,-1.00,-1.00,0
3300.00,3600.00,121755_10,0,0.00,0.00,-1.00,-1.00,-1.00,0
3300.00,3600.00,121755_11,0,0.00,0.00,-1.00,-1.00,-1.00,0
3300.00,3600.00,121756_00,2,24.00,4.74,0.70,0.70,5.00,2
3300.00,3600.00,121756_01,66,792.00,3.10,35.74,35.48,5.00,66
3300.00,3600.00,121756_10,67,804.00,5.05,22.93,22.12,5.00,67
3300.00,3600.00,121756_11,40,480.00,2.36,28.35,28.22,5.00,40
